# --------------------------------------------------------
# Host:                         127.0.0.1
# Database:                     meetingmanager
# Server version:               5.1.50-community
# Server OS:                    Win32
# HeidiSQL version:             5.0.0.3272
# Date/time:                    2010-09-03 16:27:28
# --------------------------------------------------------

/*!40101 SET @OLD_CHARACTER_SET_CLIENT=@@CHARACTER_SET_CLIENT */;
/*!40101 SET NAMES utf8 */;
/*!40014 SET @OLD_FOREIGN_KEY_CHECKS=@@FOREIGN_KEY_CHECKS, FOREIGN_KEY_CHECKS=0 */;
/*!40101 SET @OLD_SQL_MODE=@@SQL_MODE, SQL_MODE='NO_AUTO_VALUE_ON_ZERO' */;
# Dumping database structure for meetingmanager
CREATE DATABASE IF NOT EXISTS `meetingmanager` /*!40100 DEFAULT CHARACTER SET utf8 COLLATE utf8_bin */;
USE `meetingmanager`;


# Dumping structure for table meetingmanager.group_list
CREATE TABLE IF NOT EXISTS `group_list` (
  `GROUPID` int(15) unsigned NOT NULL DEFAULT '0',
  `NAME` varchar(200) COLLATE utf8_bin NOT NULL,
  PRIMARY KEY (`GROUPID`),
  UNIQUE KEY `GROUPID` (`GROUPID`)
) ENGINE=InnoDB DEFAULT CHARSET=utf8 COLLATE=utf8_bin;

# Dumping data for table meetingmanager.group_list: 1,405 rows
/*!40000 ALTER TABLE `group_list` DISABLE KEYS */;
INSERT INTO `group_list` (`GROUPID`, `NAME`) VALUES (1000, 'Group1'), (1500, 'Group1500'), (1501, 'Group1501'), (1502, 'Group1502'), (1503, 'Group1503'), (1504, 'Group1504'), (1505, 'Group1505'), (1506, 'Group1506'), (1507, 'Group1507'), (1508, 'Group1508'), (1509, 'Group1509'), (1510, 'Group1510'), (1511, 'Group1511'), (1512, 'Group1512'), (1513, 'Group1513'), (1514, 'Group1514'), (1515, 'Group1515'), (1516, 'Group1516'), (1517, 'Group1517'), (1518, 'Group1518'), (1519, 'Group1519'), (1520, 'Group1520'), (1521, 'Group1521'), (1522, 'Group1522'), (1523, 'Group1523'), (1524, 'Group1524'), (1525, 'Group1525'), (1526, 'Group1526'), (1527, 'Group1527'), (1528, 'Group1528'), (1529, 'Group1529'), (1530, 'Group1530'), (1531, 'Group1531'), (1532, 'Group1532'), (1533, 'Group1533'), (1534, 'Group1534'), (1535, 'Group1535'), (1536, 'Group1536'), (1537, 'Group1537'), (1538, 'Group1538'), (1539, 'Group1539'), (1540, 'Group1540'), (1541, 'Group1541'), (1542, 'Group1542'), (1543, 'Group1543'), (1544, 'Group1544'), (1545, 'Group1545'), (1546, 'Group1546'), (1547, 'Group1547'), (1548, 'Group1548'), (1549, 'Group1549'), (1550, 'Group1550'), (1551, 'Group1551'), (1552, 'Group1552'), (1553, 'Group1553'), (1554, 'Group1554'), (1555, 'Group1555'), (1556, 'Group1556'), (1557, 'Group1557'), (1558, 'Group1558'), (1559, 'Group1559'), (1560, 'Group1560'), (1561, 'Group1561'), (1562, 'Group1562'), (1563, 'Group1563'), (1564, 'Group1564'), (1565, 'Group1565'), (1566, 'Group1566'), (1567, 'Group1567'), (1568, 'Group1568'), (1569, 'Group1569'), (1570, 'Group1570'), (1571, 'Group1571'), (1572, 'Group1572'), (1573, 'Group1573'), (1574, 'Group1574'), (1575, 'Group1575'), (1576, 'Group1576'), (1577, 'Group1577'), (1578, 'Group1578'), (1579, 'Group1579'), (1580, 'Group1580'), (1581, 'Group1581'), (1582, 'Group1582'), (1583, 'Group1583'), (1584, 'Group1584'), (1585, 'Group1585'), (1586, 'Group1586'), (1587, 'Group1587'), (1588, 'Group1588'), (1589, 'Group1589'), (1590, 'Group1590'), (1591, 'Group1591'), (1592, 'Group1592'), (1593, 'Group1593'), (1594, 'Group1594'), (1595, 'Group1595'), (1596, 'Group1596'), (1597, 'Group1597'), (1598, 'Group1598'), (1599, 'Group1599'), (1600, 'Group1600'), (1601, 'Group1601'), (1602, 'Group1602'), (1603, 'Group1603'), (1604, 'Group1604'), (1605, 'Group1605'), (1606, 'Group1606'), (1607, 'Group1607'), (1608, 'Group1608'), (1609, 'Group1609'), (1610, 'Group1610'), (1611, 'Group1611'), (1612, 'Group1612'), (1613, 'Group1613'), (1614, 'Group1614'), (1615, 'Group1615'), (1616, 'Group1616'), (1617, 'Group1617'), (1618, 'Group1618'), (1619, 'Group1619'), (1620, 'Group1620'), (1621, 'Group1621'), (1622, 'Group1622'), (1623, 'Group1623'), (1624, 'Group1624'), (1625, 'Group1625'), (1626, 'Group1626'), (1627, 'Group1627'), (1628, 'Group1628'), (1629, 'Group1629'), (1630, 'Group1630'), (1631, 'Group1631'), (1632, 'Group1632'), (1633, 'Group1633'), (1634, 'Group1634'), (1635, 'Group1635'), (1636, 'Group1636'), (1637, 'Group1637'), (1638, 'Group1638'), (1639, 'Group1639'), (1640, 'Group1640'), (1641, 'Group1641'), (1642, 'Group1642'), (1643, 'Group1643'), (1644, 'Group1644'), (1645, 'Group1645'), (1646, 'Group1646'), (1647, 'Group1647'), (1648, 'Group1648'), (1649, 'Group1649'), (1650, 'Group1650'), (1651, 'Group1651'), (1652, 'Group1652'), (1653, 'Group1653'), (1654, 'Group1654'), (1655, 'Group1655'), (1656, 'Group1656'), (1657, 'Group1657'), (1658, 'Group1658'), (1659, 'Group1659'), (1660, 'Group1660'), (1661, 'Group1661'), (1662, 'Group1662'), (1663, 'Group1663'), (1664, 'Group1664'), (1665, 'Group1665'), (1666, 'Group1666'), (1667, 'Group1667'), (1668, 'Group1668'), (1669, 'Group1669'), (1670, 'Group1670'), (1671, 'Group1671'), (1672, 'Group1672'), (1673, 'Group1673'), (1674, 'Group1674'), (1675, 'Group1675'), (1676, 'Group1676'), (1677, 'Group1677'), (1678, 'Group1678'), (1679, 'Group1679'), (1680, 'Group1680'), (1681, 'Group1681'), (1682, 'Group1682'), (1683, 'Group1683'), (1684, 'Group1684'), (1685, 'Group1685'), (1686, 'Group1686'), (1687, 'Group1687'), (1688, 'Group1688'), (1689, 'Group1689'), (1690, 'Group1690'), (1691, 'Group1691'), (1692, 'Group1692'), (1693, 'Group1693'), (1694, 'Group1694'), (1695, 'Group1695'), (1696, 'Group1696'), (1697, 'Group1697'), (1698, 'Group1698'), (1699, 'Group1699'), (1700, 'Group1700'), (1701, 'Group1701'), (1702, 'Group1702'), (1703, 'Group1703'), (1704, 'Group1704'), (1705, 'Group1705'), (1706, 'Group1706'), (1707, 'Group1707'), (1708, 'Group1708'), (1709, 'Group1709'), (1710, 'Group1710'), (1711, 'Group1711'), (1712, 'Group1712'), (1713, 'Group1713'), (1714, 'Group1714'), (1715, 'Group1715'), (1716, 'Group1716'), (1717, 'Group1717'), (1718, 'Group1718'), (1719, 'Group1719'), (1720, 'Group1720'), (1721, 'Group1721'), (1722, 'Group1722'), (1723, 'Group1723'), (1724, 'Group1724'), (1725, 'Group1725'), (1726, 'Group1726'), (1727, 'Group1727'), (1728, 'Group1728'), (1729, 'Group1729'), (1730, 'Group1730'), (1731, 'Group1731'), (1732, 'Group1732'), (1733, 'Group1733'), (1734, 'Group1734'), (1735, 'Group1735'), (1736, 'Group1736'), (1737, 'Group1737'), (1738, 'Group1738'), (1739, 'Group1739'), (1740, 'Group1740'), (1741, 'Group1741'), (1742, 'Group1742'), (1743, 'Group1743'), (1744, 'Group1744'), (1745, 'Group1745'), (1746, 'Group1746'), (1747, 'Group1747'), (1748, 'Group1748'), (1749, 'Group1749'), (1750, 'Group1750'), (1751, 'Group1751'), (1752, 'Group1752'), (1753, 'Group1753'), (1754, 'Group1754'), (1755, 'Group1755'), (1756, 'Group1756'), (1757, 'Group1757'), (1758, 'Group1758'), (1759, 'Group1759'), (1760, 'Group1760'), (1761, 'Group1761'), (1762, 'Group1762'), (1763, 'Group1763'), (1764, 'Group1764'), (1765, 'Group1765'), (1766, 'Group1766'), (1767, 'Group1767'), (1768, 'Group1768'), (1769, 'Group1769'), (1770, 'Group1770'), (1771, 'Group1771'), (1772, 'Group1772'), (1773, 'Group1773'), (1774, 'Group1774'), (1775, 'Group1775'), (1776, 'Group1776'), (1777, 'Group1777'), (1778, 'Group1778'), (1779, 'Group1779'), (1780, 'Group1780'), (1781, 'Group1781'), (1782, 'Group1782'), (1783, 'Group1783'), (1784, 'Group1784'), (1785, 'Group1785'), (1786, 'Group1786'), (1787, 'Group1787'), (1788, 'Group1788'), (1789, 'Group1789'), (1790, 'Group1790'), (1791, 'Group1791'), (1792, 'Group1792'), (1793, 'Group1793'), (1794, 'Group1794'), (1795, 'Group1795'), (1796, 'Group1796'), (1797, 'Group1797'), (1798, 'Group1798'), (1799, 'Group1799'), (1800, 'Group1800'), (1801, 'Group1801'), (1802, 'Group1802'), (1803, 'Group1803'), (1804, 'Group1804'), (1805, 'Group1805'), (1806, 'Group1806'), (1807, 'Group1807'), (1808, 'Group1808'), (1809, 'Group1809'), (1810, 'Group1810'), (1811, 'Group1811'), (1812, 'Group1812'), (1813, 'Group1813'), (1814, 'Group1814'), (1815, 'Group1815'), (1816, 'Group1816'), (1817, 'Group1817'), (1818, 'Group1818'), (1819, 'Group1819'), (1820, 'Group1820'), (1821, 'Group1821'), (1822, 'Group1822'), (1823, 'Group1823'), (1824, 'Group1824'), (1825, 'Group1825'), (1826, 'Group1826'), (1827, 'Group1827'), (1828, 'Group1828'), (1829, 'Group1829'), (1830, 'Group1830'), (1831, 'Group1831'), (1832, 'Group1832'), (1833, 'Group1833'), (1834, 'Group1834'), (1835, 'Group1835'), (1836, 'Group1836'), (1837, 'Group1837'), (1838, 'Group1838'), (1839, 'Group1839'), (1840, 'Group1840'), (1841, 'Group1841'), (1842, 'Group1842'), (1843, 'Group1843'), (1844, 'Group1844'), (1845, 'Group1845'), (1846, 'Group1846'), (1847, 'Group1847'), (1848, 'Group1848'), (1849, 'Group1849'), (1850, 'Group1850'), (1851, 'Group1851'), (1852, 'Group1852'), (1853, 'Group1853'), (1854, 'Group1854'), (1855, 'Group1855'), (1856, 'Group1856'), (1857, 'Group1857'), (1858, 'Group1858'), (1859, 'Group1859'), (1860, 'Group1860'), (1861, 'Group1861'), (1862, 'Group1862'), (1863, 'Group1863'), (1864, 'Group1864'), (1865, 'Group1865'), (1866, 'Group1866'), (1867, 'Group1867'), (1868, 'Group1868'), (1869, 'Group1869'), (1870, 'Group1870'), (1871, 'Group1871'), (1872, 'Group1872'), (1873, 'Group1873'), (1874, 'Group1874'), (1875, 'Group1875'), (1876, 'Group1876'), (1877, 'Group1877'), (1878, 'Group1878'), (1879, 'Group1879'), (1880, 'Group1880'), (1881, 'Group1881'), (1882, 'Group1882'), (1883, 'Group1883'), (1884, 'Group1884'), (1885, 'Group1885'), (1886, 'Group1886'), (1887, 'Group1887'), (1888, 'Group1888'), (1889, 'Group1889'), (1890, 'Group1890'), (1891, 'Group1891'), (1892, 'Group1892'), (1893, 'Group1893'), (1894, 'Group1894'), (1895, 'Group1895'), (1896, 'Group1896'), (1897, 'Group1897'), (1898, 'Group1898'), (1899, 'Group1899'), (1900, 'Group1900'), (1901, 'Group1901'), (1902, 'Group1902'), (1903, 'Group1903'), (1904, 'Group1904'), (1905, 'Group1905'), (1906, 'Group1906'), (1907, 'Group1907'), (1908, 'Group1908'), (1909, 'Group1909'), (1910, 'Group1910'), (1911, 'Group1911'), (1912, 'Group1912'), (1913, 'Group1913'), (1914, 'Group1914'), (1915, 'Group1915'), (1916, 'Group1916'), (1917, 'Group1917'), (1918, 'Group1918'), (1919, 'Group1919'), (1920, 'Group1920'), (1921, 'Group1921'), (1922, 'Group1922'), (1923, 'Group1923'), (1924, 'Group1924'), (1925, 'Group1925'), (1926, 'Group1926'), (1927, 'Group1927'), (1928, 'Group1928'), (1929, 'Group1929'), (1930, 'Group1930'), (1931, 'Group1931'), (1932, 'Group1932'), (1933, 'Group1933'), (1934, 'Group1934'), (1935, 'Group1935'), (1936, 'Group1936'), (1937, 'Group1937'), (1938, 'Group1938'), (1939, 'Group1939'), (1940, 'Group1940'), (1941, 'Group1941'), (1942, 'Group1942'), (1943, 'Group1943'), (1944, 'Group1944'), (1945, 'Group1945'), (1946, 'Group1946'), (1947, 'Group1947'), (1948, 'Group1948'), (1949, 'Group1949'), (1950, 'Group1950'), (1951, 'Group1951'), (1952, 'Group1952'), (1953, 'Group1953'), (1954, 'Group1954'), (1955, 'Group1955'), (1956, 'Group1956'), (1957, 'Group1957'), (1958, 'Group1958'), (1959, 'Group1959'), (1960, 'Group1960'), (1961, 'Group1961'), (1962, 'Group1962'), (1963, 'Group1963'), (1964, 'Group1964'), (1965, 'Group1965'), (1966, 'Group1966'), (1967, 'Group1967'), (1968, 'Group1968'), (1969, 'Group1969'), (1970, 'Group1970'), (1971, 'Group1971'), (1972, 'Group1972'), (1973, 'Group1973'), (1974, 'Group1974'), (1975, 'Group1975'), (1976, 'Group1976'), (1977, 'Group1977'), (1978, 'Group1978'), (1979, 'Group1979'), (1980, 'Group1980'), (1981, 'Group1981'), (1982, 'Group1982'), (1983, 'Group1983'), (1984, 'Group1984'), (1985, 'Group1985'), (1986, 'Group1986'), (1987, 'Group1987'), (1988, 'Group1988'), (1989, 'Group1989'), (1990, 'Group1990'), (1991, 'Group1991'), (1992, 'Group1992'), (1993, 'Group1993'), (1994, 'Group1994'), (1995, 'Group1995'), (1996, 'Group1996'), (1997, 'Group1997'), (1998, 'Group1998'), (1999, 'Group1999'), (2000, 'Group2'), (2001, 'Group2001'), (2002, 'Group2002'), (2003, 'Group2003'), (2004, 'Group2004'), (2005, 'Group2005'), (2006, 'Group2006'), (2007, 'Group2007'), (2008, 'Group2008'), (2009, 'Group2009'), (2010, 'Group2010'), (2011, 'Group2011'), (2012, 'Group2012'), (2013, 'Group2013'), (2014, 'Group2014'), (2015, 'Group2015'), (2016, 'Group2016'), (2017, 'Group2017'), (2018, 'Group2018'), (2019, 'Group2019'), (2020, 'Group2020'), (2021, 'Group2021'), (2022, 'Group2022'), (2023, 'Group2023'), (2024, 'Group2024'), (2025, 'Group2025'), (2026, 'Group2026'), (2027, 'Group2027'), (2028, 'Group2028'), (2029, 'Group2029'), (2030, 'Group2030'), (2031, 'Group2031'), (2032, 'Group2032'), (2033, 'Group2033'), (2034, 'Group2034'), (2035, 'Group2035'), (2036, 'Group2036'), (2037, 'Group2037'), (2038, 'Group2038'), (2039, 'Group2039'), (2040, 'Group2040'), (2041, 'Group2041'), (2042, 'Group2042'), (2043, 'Group2043'), (2044, 'Group2044'), (2045, 'Group2045'), (2046, 'Group2046'), (2047, 'Group2047'), (2048, 'Group2048'), (2049, 'Group2049'), (2050, 'Group2050'), (2051, 'Group2051'), (2052, 'Group2052'), (2053, 'Group2053'), (2054, 'Group2054'), (2055, 'Group2055'), (2056, 'Group2056'), (2057, 'Group2057'), (2058, 'Group2058'), (2059, 'Group2059'), (2060, 'Group2060'), (2061, 'Group2061'), (2062, 'Group2062'), (2063, 'Group2063'), (2064, 'Group2064'), (2065, 'Group2065'), (2066, 'Group2066'), (2067, 'Group2067'), (2068, 'Group2068'), (2069, 'Group2069'), (2070, 'Group2070'), (2071, 'Group2071'), (2072, 'Group2072'), (2073, 'Group2073'), (2074, 'Group2074'), (2075, 'Group2075'), (2076, 'Group2076'), (2077, 'Group2077'), (2078, 'Group2078'), (2079, 'Group2079'), (2080, 'Group2080'), (2081, 'Group2081'), (2082, 'Group2082'), (2083, 'Group2083'), (2084, 'Group2084'), (2085, 'Group2085'), (2086, 'Group2086'), (2087, 'Group2087'), (2088, 'Group2088'), (2089, 'Group2089'), (2090, 'Group2090'), (2091, 'Group2091'), (2092, 'Group2092'), (2093, 'Group2093'), (2094, 'Group2094'), (2095, 'Group2095'), (2096, 'Group2096'), (2097, 'Group2097'), (2098, 'Group2098'), (2099, 'Group2099'), (2100, 'Group2100'), (2101, 'Group2101'), (2102, 'Group2102'), (2103, 'Group2103'), (2104, 'Group2104'), (2105, 'Group2105'), (2106, 'Group2106'), (2107, 'Group2107'), (2108, 'Group2108'), (2109, 'Group2109'), (2110, 'Group2110'), (2111, 'Group2111'), (2112, 'Group2112'), (2113, 'Group2113'), (2114, 'Group2114'), (2115, 'Group2115'), (2116, 'Group2116'), (2117, 'Group2117'), (2118, 'Group2118'), (2119, 'Group2119'), (2120, 'Group2120'), (2121, 'Group2121'), (2122, 'Group2122'), (2123, 'Group2123'), (2124, 'Group2124'), (2125, 'Group2125'), (2126, 'Group2126'), (2127, 'Group2127'), (2128, 'Group2128'), (2129, 'Group2129'), (2130, 'Group2130'), (2131, 'Group2131'), (2132, 'Group2132'), (2133, 'Group2133'), (2134, 'Group2134'), (2135, 'Group2135'), (2136, 'Group2136'), (2137, 'Group2137'), (2138, 'Group2138'), (2139, 'Group2139'), (2140, 'Group2140'), (2141, 'Group2141'), (2142, 'Group2142'), (2143, 'Group2143'), (2144, 'Group2144'), (2145, 'Group2145'), (2146, 'Group2146'), (2147, 'Group2147'), (2148, 'Group2148'), (2149, 'Group2149'), (2150, 'Group2150'), (2151, 'Group2151'), (2152, 'Group2152'), (2153, 'Group2153'), (2154, 'Group2154'), (2155, 'Group2155'), (2156, 'Group2156'), (2157, 'Group2157'), (2158, 'Group2158'), (2159, 'Group2159'), (2160, 'Group2160'), (2161, 'Group2161'), (2162, 'Group2162'), (2163, 'Group2163'), (2164, 'Group2164'), (2165, 'Group2165'), (2166, 'Group2166'), (2167, 'Group2167'), (2168, 'Group2168'), (2169, 'Group2169'), (2170, 'Group2170'), (2171, 'Group2171'), (2172, 'Group2172'), (2173, 'Group2173'), (2174, 'Group2174'), (2175, 'Group2175'), (2176, 'Group2176'), (2177, 'Group2177'), (2178, 'Group2178'), (2179, 'Group2179'), (2180, 'Group2180'), (2181, 'Group2181'), (2182, 'Group2182'), (2183, 'Group2183'), (2184, 'Group2184'), (2185, 'Group2185'), (2186, 'Group2186'), (2187, 'Group2187'), (2188, 'Group2188'), (2189, 'Group2189'), (2190, 'Group2190'), (2191, 'Group2191'), (2192, 'Group2192'), (2193, 'Group2193'), (2194, 'Group2194'), (2195, 'Group2195'), (2196, 'Group2196'), (2197, 'Group2197'), (2198, 'Group2198'), (2199, 'Group2199'), (2200, 'Group2200'), (2201, 'Group2201'), (2202, 'Group2202'), (2203, 'Group2203'), (2204, 'Group2204'), (2205, 'Group2205'), (2206, 'Group2206'), (2207, 'Group2207'), (2208, 'Group2208'), (2209, 'Group2209'), (2210, 'Group2210'), (2211, 'Group2211'), (2212, 'Group2212'), (2213, 'Group2213'), (2214, 'Group2214'), (2215, 'Group2215'), (2216, 'Group2216'), (2217, 'Group2217'), (2218, 'Group2218'), (2219, 'Group2219'), (2220, 'Group2220'), (2221, 'Group2221'), (2222, 'Group2222'), (2223, 'Group2223'), (2224, 'Group2224'), (2225, 'Group2225'), (2226, 'Group2226'), (2227, 'Group2227'), (2228, 'Group2228'), (2229, 'Group2229'), (2230, 'Group2230'), (2231, 'Group2231'), (2232, 'Group2232'), (2233, 'Group2233'), (2234, 'Group2234'), (2235, 'Group2235'), (2236, 'Group2236'), (2237, 'Group2237'), (2238, 'Group2238'), (2239, 'Group2239'), (2240, 'Group2240'), (2241, 'Group2241'), (2242, 'Group2242'), (2243, 'Group2243'), (2244, 'Group2244'), (2245, 'Group2245'), (2246, 'Group2246'), (2247, 'Group2247'), (2248, 'Group2248'), (2249, 'Group2249'), (2250, 'Group2250'), (2251, 'Group2251'), (2252, 'Group2252'), (2253, 'Group2253'), (2254, 'Group2254'), (2255, 'Group2255'), (2256, 'Group2256'), (2257, 'Group2257'), (2258, 'Group2258'), (2259, 'Group2259'), (2260, 'Group2260'), (2261, 'Group2261'), (2262, 'Group2262'), (2263, 'Group2263'), (2264, 'Group2264'), (2265, 'Group2265'), (2266, 'Group2266'), (2267, 'Group2267'), (2268, 'Group2268'), (2269, 'Group2269'), (2270, 'Group2270'), (2271, 'Group2271'), (2272, 'Group2272'), (2273, 'Group2273'), (2274, 'Group2274'), (2275, 'Group2275'), (2276, 'Group2276'), (2277, 'Group2277'), (2278, 'Group2278'), (2279, 'Group2279'), (2280, 'Group2280'), (2281, 'Group2281'), (2282, 'Group2282'), (2283, 'Group2283'), (2284, 'Group2284'), (2285, 'Group2285'), (2286, 'Group2286'), (2287, 'Group2287'), (2288, 'Group2288'), (2289, 'Group2289'), (2290, 'Group2290'), (2291, 'Group2291'), (2292, 'Group2292'), (2293, 'Group2293'), (2294, 'Group2294'), (2295, 'Group2295'), (2296, 'Group2296'), (2297, 'Group2297'), (2298, 'Group2298'), (2299, 'Group2299'), (2300, 'Group2300'), (2301, 'Group2301'), (2302, 'Group2302'), (2303, 'Group2303'), (2304, 'Group2304'), (2305, 'Group2305'), (2306, 'Group2306'), (2307, 'Group2307'), (2308, 'Group2308'), (2309, 'Group2309'), (2310, 'Group2310'), (2311, 'Group2311'), (2312, 'Group2312'), (2313, 'Group2313'), (2314, 'Group2314'), (2315, 'Group2315'), (2316, 'Group2316'), (2317, 'Group2317'), (2318, 'Group2318'), (2319, 'Group2319'), (2320, 'Group2320'), (2321, 'Group2321'), (2322, 'Group2322'), (2323, 'Group2323'), (2324, 'Group2324'), (2325, 'Group2325'), (2326, 'Group2326'), (2327, 'Group2327'), (2328, 'Group2328'), (2329, 'Group2329'), (2330, 'Group2330'), (2331, 'Group2331'), (2332, 'Group2332'), (2333, 'Group2333'), (2334, 'Group2334'), (2335, 'Group2335'), (2336, 'Group2336'), (2337, 'Group2337'), (2338, 'Group2338'), (2339, 'Group2339'), (2340, 'Group2340'), (2341, 'Group2341'), (2342, 'Group2342'), (2343, 'Group2343'), (2344, 'Group2344'), (2345, 'Group2345'), (2346, 'Group2346'), (2347, 'Group2347'), (2348, 'Group2348'), (2349, 'Group2349'), (2350, 'Group2350'), (2351, 'Group2351'), (2352, 'Group2352'), (2353, 'Group2353'), (2354, 'Group2354'), (2355, 'Group2355'), (2356, 'Group2356'), (2357, 'Group2357'), (2358, 'Group2358'), (2359, 'Group2359'), (2360, 'Group2360'), (2361, 'Group2361'), (2362, 'Group2362'), (2363, 'Group2363'), (2364, 'Group2364'), (2365, 'Group2365'), (2366, 'Group2366'), (2367, 'Group2367'), (2368, 'Group2368'), (2369, 'Group2369'), (2370, 'Group2370'), (2371, 'Group2371'), (2372, 'Group2372'), (2373, 'Group2373'), (2374, 'Group2374'), (2375, 'Group2375'), (2376, 'Group2376'), (2377, 'Group2377'), (2378, 'Group2378'), (2379, 'Group2379'), (2380, 'Group2380'), (2381, 'Group2381'), (2382, 'Group2382'), (2383, 'Group2383'), (2384, 'Group2384'), (2385, 'Group2385'), (2386, 'Group2386'), (2387, 'Group2387'), (2388, 'Group2388'), (2389, 'Group2389'), (2390, 'Group2390'), (2391, 'Group2391'), (2392, 'Group2392'), (2393, 'Group2393'), (2394, 'Group2394'), (2395, 'Group2395'), (2396, 'Group2396'), (2397, 'Group2397'), (2398, 'Group2398'), (2399, 'Group2399'), (2400, 'Group2400'), (2401, 'Group2401'), (2402, 'Group2402'), (2403, 'Group2403'), (2404, 'Group2404'), (2405, 'Group2405'), (2406, 'Group2406'), (2407, 'Group2407'), (2408, 'Group2408'), (2409, 'Group2409'), (2410, 'Group2410'), (2411, 'Group2411'), (2412, 'Group2412'), (2413, 'Group2413'), (2414, 'Group2414'), (2415, 'Group2415'), (2416, 'Group2416'), (2417, 'Group2417'), (2418, 'Group2418'), (2419, 'Group2419'), (2420, 'Group2420'), (2421, 'Group2421'), (2422, 'Group2422'), (2423, 'Group2423'), (2424, 'Group2424'), (2425, 'Group2425'), (2426, 'Group2426'), (2427, 'Group2427'), (2428, 'Group2428'), (2429, 'Group2429'), (2430, 'Group2430'), (2431, 'Group2431'), (2432, 'Group2432'), (2433, 'Group2433'), (2434, 'Group2434'), (2435, 'Group2435'), (2436, 'Group2436'), (2437, 'Group2437'), (2438, 'Group2438'), (2439, 'Group2439'), (2440, 'Group2440'), (2441, 'Group2441'), (2442, 'Group2442'), (2443, 'Group2443'), (2444, 'Group2444'), (2445, 'Group2445'), (2446, 'Group2446'), (2447, 'Group2447'), (2448, 'Group2448'), (2449, 'Group2449'), (2450, 'Group2450'), (2451, 'Group2451'), (2452, 'Group2452'), (2453, 'Group2453'), (2454, 'Group2454'), (2455, 'Group2455'), (2456, 'Group2456'), (2457, 'Group2457'), (2458, 'Group2458'), (2459, 'Group2459'), (2460, 'Group2460'), (2461, 'Group2461'), (2462, 'Group2462'), (2463, 'Group2463'), (2464, 'Group2464'), (2465, 'Group2465'), (2466, 'Group2466'), (2467, 'Group2467'), (2468, 'Group2468'), (2469, 'Group2469'), (2470, 'Group2470'), (2471, 'Group2471'), (2472, 'Group2472'), (2473, 'Group2473'), (2474, 'Group2474'), (2475, 'Group2475'), (2476, 'Group2476'), (2477, 'Group2477'), (2478, 'Group2478'), (2479, 'Group2479'), (2480, 'Group2480'), (2481, 'Group2481'), (2482, 'Group2482'), (2483, 'Group2483'), (2484, 'Group2484'), (2485, 'Group2485'), (2486, 'Group2486'), (2487, 'Group2487'), (2488, 'Group2488'), (2489, 'Group2489'), (2490, 'Group2490'), (2491, 'Group2491'), (2492, 'Group2492'), (2493, 'Group2493'), (2494, 'Group2494'), (2495, 'Group2495'), (2496, 'Group2496'), (2497, 'Group2497'), (2498, 'Group2498'), (2499, 'Group2499'), (3000, 'Group03');
/*!40000 ALTER TABLE `group_list` ENABLE KEYS */;


# Dumping structure for table meetingmanager.group_mtg_rm_membership
CREATE TABLE IF NOT EXISTS `group_mtg_rm_membership` (
  `GROUPID` int(15) unsigned NOT NULL,
  `MTG_RM_ID` int(15) unsigned NOT NULL,
  `ROLE` enum('Secretariat','Chairman','Member','Presenter','Subscriber') COLLATE utf8_bin NOT NULL,
  PRIMARY KEY (`GROUPID`,`MTG_RM_ID`),
  UNIQUE KEY `USERID_MTG_RM_ID` (`GROUPID`,`MTG_RM_ID`),
  KEY `FK_mtg_rm_membership_MTG_RM_ID` (`MTG_RM_ID`),
  KEY `FK_mtg_rm_membership_GROUPID` (`GROUPID`),
  CONSTRAINT `FK_group_mtg_rm_membership_GROUPID` FOREIGN KEY (`GROUPID`) REFERENCES `group_list` (`GROUPID`) ON DELETE CASCADE ON UPDATE CASCADE,
  CONSTRAINT `FK_group_mtg_rm_membership_MTG_RM_ID` FOREIGN KEY (`MTG_RM_ID`) REFERENCES `mtg_rm_list` (`MTG_RM_ID`) ON DELETE CASCADE ON UPDATE CASCADE
) ENGINE=InnoDB DEFAULT CHARSET=utf8 COLLATE=utf8_bin;

# Dumping data for table meetingmanager.group_mtg_rm_membership: 1 rows
/*!40000 ALTER TABLE `group_mtg_rm_membership` DISABLE KEYS */;
INSERT INTO `group_mtg_rm_membership` (`GROUPID`, `MTG_RM_ID`, `ROLE`) VALUES (1000, 100, 'Member');
/*!40000 ALTER TABLE `group_mtg_rm_membership` ENABLE KEYS */;


# Dumping structure for table meetingmanager.mtg_rm_action_item
CREATE TABLE IF NOT EXISTS `mtg_rm_action_item` (
  `ACTION_ITEM_ID` int(15) unsigned NOT NULL,
  `MEETING_ID` int(15) unsigned NOT NULL,
  `AGENDA_NO` int(15) unsigned NOT NULL,
  `ITEM` varchar(200) COLLATE utf8_bin NOT NULL,
  `STATUS` enum('Open','Submitted','Closed') COLLATE utf8_bin NOT NULL,
  `DUE_DATE` date DEFAULT NULL,
  PRIMARY KEY (`ACTION_ITEM_ID`),
  UNIQUE KEY `ACTION_ITEM_ID` (`ACTION_ITEM_ID`),
  KEY `FK_mtg_rm_action_item_MEETING_ID` (`MEETING_ID`),
  CONSTRAINT `FK_mtg_rm_action_item_MEETING_ID` FOREIGN KEY (`MEETING_ID`) REFERENCES `mtg_rm_meeting` (`MEETING_ID`) ON DELETE CASCADE ON UPDATE CASCADE
) ENGINE=InnoDB DEFAULT CHARSET=utf8 COLLATE=utf8_bin;

# Dumping data for table meetingmanager.mtg_rm_action_item: 7 rows
/*!40000 ALTER TABLE `mtg_rm_action_item` DISABLE KEYS */;
INSERT INTO `mtg_rm_action_item` (`ACTION_ITEM_ID`, `MEETING_ID`, `AGENDA_NO`, `ITEM`, `STATUS`, `DUE_DATE`) VALUES (10, 1, 1, 'ActionItem MeetingA_Aug Description A1', 'Open', '2010-08-08'), (20, 1, 1, 'ActionItem MeetingA_Aug Description B2', 'Submitted', '2010-08-10'), (30, 1, 2, 'ActionItem MeetingA_Aug Description C3', 'Closed', '2010-08-12'), (40, 1, 2, 'ActionItem MeetingA_Aug Description D4', 'Submitted', '2010-08-09'), (50, 1, 1, 'ActionItem MeetingA_Aug Description E5', 'Closed', '2010-08-07'), (60, 3, 1, 'ActionItem MeetingC_Aug Description F6', 'Open', '2010-05-03'), (70, 13, 1, 'ActionItem MeetingA_Jul Description G7', 'Submitted', '2010-06-03');
/*!40000 ALTER TABLE `mtg_rm_action_item` ENABLE KEYS */;


# Dumping structure for table meetingmanager.mtg_rm_action_item_assignee
CREATE TABLE IF NOT EXISTS `mtg_rm_action_item_assignee` (
  `ASSIGNEE_ID` int(15) unsigned NOT NULL,
  `USERID` int(15) unsigned NOT NULL,
  `ACTION_ITEM_ID` int(15) unsigned NOT NULL,
  PRIMARY KEY (`ASSIGNEE_ID`),
  UNIQUE KEY `ASSIGNEE_ID` (`ASSIGNEE_ID`),
  KEY `FK_mtg_rm_action_item_assignee_ACTION_ITEM_ID` (`ACTION_ITEM_ID`),
  KEY `FK_mtg_rm_action_item_assignee_USERID` (`USERID`),
  CONSTRAINT `FK_mtg_rm_action_item_assignee_ACTION_ITEM_ID` FOREIGN KEY (`ACTION_ITEM_ID`) REFERENCES `mtg_rm_action_item` (`ACTION_ITEM_ID`) ON DELETE CASCADE ON UPDATE CASCADE,
  CONSTRAINT `FK_mtg_rm_action_item_assignee_USERID` FOREIGN KEY (`USERID`) REFERENCES `user_directory` (`USERID`) ON DELETE CASCADE ON UPDATE CASCADE
) ENGINE=InnoDB DEFAULT CHARSET=utf8 COLLATE=utf8_bin;

# Dumping data for table meetingmanager.mtg_rm_action_item_assignee: 6 rows
/*!40000 ALTER TABLE `mtg_rm_action_item_assignee` DISABLE KEYS */;
INSERT INTO `mtg_rm_action_item_assignee` (`ASSIGNEE_ID`, `USERID`, `ACTION_ITEM_ID`) VALUES (50, 23456, 10), (60, 45678, 20), (70, 34567, 30), (80, 23456, 40), (90, 23456, 50), (100, 34567, 10);
/*!40000 ALTER TABLE `mtg_rm_action_item_assignee` ENABLE KEYS */;


# Dumping structure for table meetingmanager.mtg_rm_action_item_note
CREATE TABLE IF NOT EXISTS `mtg_rm_action_item_note` (
  `ACTION_ITEM_ID` int(15) unsigned NOT NULL,
  `COMMENT_NO` int(15) unsigned NOT NULL,
  `USERID` int(15) unsigned NOT NULL,
  `DATETIME` datetime NOT NULL,
  `CONTENT` mediumtext COLLATE utf8_bin NOT NULL,
  PRIMARY KEY (`ACTION_ITEM_ID`,`COMMENT_NO`),
  UNIQUE KEY `ACTION_ITEM_ID_COMMENT_NO` (`ACTION_ITEM_ID`,`COMMENT_NO`),
  KEY `FK_mtg_rm_action_item_note_USERID` (`USERID`),
  CONSTRAINT `FK_mtg_rm_action_item_note_ACTION_ITEM_ID` FOREIGN KEY (`ACTION_ITEM_ID`) REFERENCES `mtg_rm_action_item` (`ACTION_ITEM_ID`) ON DELETE CASCADE ON UPDATE CASCADE,
  CONSTRAINT `FK_mtg_rm_action_item_note_USERID` FOREIGN KEY (`USERID`) REFERENCES `user_directory` (`USERID`) ON DELETE CASCADE ON UPDATE CASCADE
) ENGINE=InnoDB DEFAULT CHARSET=utf8 COLLATE=utf8_bin;

# Dumping data for table meetingmanager.mtg_rm_action_item_note: 2 rows
/*!40000 ALTER TABLE `mtg_rm_action_item_note` DISABLE KEYS */;
INSERT INTO `mtg_rm_action_item_note` (`ACTION_ITEM_ID`, `COMMENT_NO`, `USERID`, `DATETIME`, `CONTENT`) VALUES (10, 1, 34567, '2010-08-18 15:28:45', 'Lorem ipsum dolor sit amet, consectetur adipisicing elit, sed do eiusmod tempor incididunt ut labore et dolore magna aliqua. Ut enim ad minim veniam, quis nostrud exercitation ullamco laboris nisi ut aliquip ex ea commodo consequat. Duis aute irure dolor in reprehenderit in voluptate velit esse cillum dolore eu fugiat nulla pariatur. Excepteur sint occaecat cupidatat non proident, sunt in culpa qui officia deserunt mollit anim id est laborum.'), (10, 2, 23456, '2010-09-03 16:09:25', 'test');
/*!40000 ALTER TABLE `mtg_rm_action_item_note` ENABLE KEYS */;


# Dumping structure for table meetingmanager.mtg_rm_agenda_item
CREATE TABLE IF NOT EXISTS `mtg_rm_agenda_item` (
  `MEETING_ID` int(15) unsigned NOT NULL,
  `AGENDA_NO` int(15) unsigned NOT NULL,
  `ITEM` varchar(200) COLLATE utf8_bin NOT NULL,
  `PRESENTER_ID` int(15) unsigned NOT NULL,
  `STAFF` varchar(200) COLLATE utf8_bin DEFAULT NULL,
  `SYNOPSIS` varchar(4000) COLLATE utf8_bin NOT NULL,
  `DURATION` time NOT NULL,
  `LOG` varchar(4000) COLLATE utf8_bin DEFAULT NULL,
  PRIMARY KEY (`MEETING_ID`,`AGENDA_NO`),
  UNIQUE KEY `MEETING_ID_AGENDA_NO` (`MEETING_ID`,`AGENDA_NO`),
  KEY `FK_mtg_rm_agenda_item_PRESENTER_ID` (`PRESENTER_ID`),
  KEY `FK_mtg_rm_agenda_item_MEETING_ID` (`MEETING_ID`),
  CONSTRAINT `FK_mtg_rm_agenda_item_MEETING_ID` FOREIGN KEY (`MEETING_ID`) REFERENCES `mtg_rm_meeting` (`MEETING_ID`) ON DELETE CASCADE ON UPDATE CASCADE,
  CONSTRAINT `FK_mtg_rm_agenda_item_PRESENTER_ID` FOREIGN KEY (`PRESENTER_ID`) REFERENCES `user_directory` (`USERID`) ON DELETE CASCADE ON UPDATE CASCADE
) ENGINE=InnoDB DEFAULT CHARSET=utf8 COLLATE=utf8_bin;

# Dumping data for table meetingmanager.mtg_rm_agenda_item: 4 rows
/*!40000 ALTER TABLE `mtg_rm_agenda_item` DISABLE KEYS */;
INSERT INTO `mtg_rm_agenda_item` (`MEETING_ID`, `AGENDA_NO`, `ITEM`, `PRESENTER_ID`, `STAFF`, `SYNOPSIS`, `DURATION`, `LOG`) VALUES (6, 1, 'MeetingA_Sept AgendaItem #1', 34567, 'StaffX', 'Sample Synopsis', '00:45:00', 'No notes are present for this agenda item.'), (9, 1, 'MeetingA_Oct AgendaItem #1', 45678, 'Staff1', 'Sample Synopsis', '00:30:00', 'No notes are present for this agenda item.'), (9, 2, 'MeetingA_Oct AgendaItem #2', 34567, 'Staff2', 'Sample Synopsis', '01:20:00', 'No notes are present for this agenda item.'), (9, 3, 'MeetingA_Oct AgendaItem #3', 34567, 'StaffY', 'Sample Synopsis', '01:35:00', 'No notes are present for this agenda item.');
/*!40000 ALTER TABLE `mtg_rm_agenda_item` ENABLE KEYS */;


# Dumping structure for table meetingmanager.mtg_rm_agenda_item_attachment
CREATE TABLE IF NOT EXISTS `mtg_rm_agenda_item_attachment` (
  `ATTACHMENT_ID` int(15) unsigned NOT NULL,
  `MEETING_ID` int(15) unsigned NOT NULL,
  `AGENDA_NO` int(15) unsigned NOT NULL,
  `FILENAME` varchar(1000) COLLATE utf8_bin NOT NULL,
  PRIMARY KEY (`ATTACHMENT_ID`),
  UNIQUE KEY `ATTACHMENT_ID` (`ATTACHMENT_ID`),
  KEY `FK_mtg_rm_agenda_item_attachment_MEETING_ID_AGENDA_NO` (`MEETING_ID`,`AGENDA_NO`),
  CONSTRAINT `FK_mtg_rm_agenda_item_attachment_MEETING_ID` FOREIGN KEY (`MEETING_ID`) REFERENCES `mtg_rm_meeting` (`MEETING_ID`) ON DELETE CASCADE ON UPDATE CASCADE
) ENGINE=InnoDB DEFAULT CHARSET=utf8 COLLATE=utf8_bin;

# Dumping data for table meetingmanager.mtg_rm_agenda_item_attachment: 22 rows
/*!40000 ALTER TABLE `mtg_rm_agenda_item_attachment` DISABLE KEYS */;
INSERT INTO `mtg_rm_agenda_item_attachment` (`ATTACHMENT_ID`, `MEETING_ID`, `AGENDA_NO`, `FILENAME`) VALUES (1000, 1, 1, 'MeetingA_Aug_AgendaItem01_File1.pdf'), (1001, 2, 1, 'MeetingA_Aug_AgendaItem02_File1.doc'), (1002, 10, 1, 'MeetingA_Aug_AgendaItem010_File1.doc'), (1003, 10, 3, 'MeetingA_Aug_AgendaItem010_File3.doc'), (1004, 10, 2, 'MeetingA_Aug_AgendaItem010_File2.doc'), (1005, 2, 2, 'MeetingA_Aug_AgendaItem02_File2.doc'), (1006, 9, 3, 'MeetingA_Aug_AgendaItem09_File3XX.doc'), (1007, 9, 1, 'MeetingA_Aug_AgendaItem09_File2.doc'), (1008, 4, 2, 'MeetingA_Aug_AgendaItem04_File2.doc'), (1009, 5, 1, 'MeetingA_Aug_AgendaItem05_File1.doc'), (1010, 1, 2, 'MeetingA_Aug_AgendaItem01_File2.doc'), (1011, 4, 1, 'MeetingA_Aug_AgendaItem04_File1.doc'), (1012, 5, 1, 'MeetingA_Aug_AgendaItem05_File1.doc'), (1013, 6, 2, 'MeetingA_Aug_AgendaItem06_File2.doc'), (1014, 10, 3, 'MeetingA_Aug_AgendaItem010_File3.doc'), (1015, 9, 3, 'MeetingA_Aug_AgendaItem09_File3.doc'), (1016, 6, 3, 'MeetingA_Aug_AgendaItem06_File3.doc'), (1017, 6, 3, 'MeetingA_Aug_AgendaItem06_File3.doc'), (1018, 2, 1, 'MeetingA_Aug_AgendaItem02_File1.doc'), (1019, 5, 3, 'MeetingA_Aug_AgendaItem05_File3.doc'), (1020, 9, 1, 'MeetingA_Aug_AgendaItem09_File1.doc'), (1021, 1, 5, 'File1.pdf');
/*!40000 ALTER TABLE `mtg_rm_agenda_item_attachment` ENABLE KEYS */;


# Dumping structure for table meetingmanager.mtg_rm_agenda_item_comment
CREATE TABLE IF NOT EXISTS `mtg_rm_agenda_item_comment` (
  `MEETING_ID` int(15) unsigned NOT NULL,
  `AGENDA_NO` int(15) unsigned NOT NULL,
  `COMMENT_NO` int(15) unsigned NOT NULL,
  `USERID` int(15) unsigned NOT NULL,
  `DATETIME` datetime NOT NULL,
  `CONTENT` mediumtext COLLATE utf8_bin NOT NULL,
  PRIMARY KEY (`MEETING_ID`,`AGENDA_NO`,`COMMENT_NO`),
  UNIQUE KEY `MEETING_ID_AGENDA_NO_COMMENT_NO` (`MEETING_ID`,`AGENDA_NO`,`COMMENT_NO`),
  KEY `FK_mtg_rm_agenda_item_comment_USERID` (`USERID`),
  KEY `FK_mtg_rm_agenda_item_comment_MEETING_ID` (`MEETING_ID`),
  CONSTRAINT `FK_mtg_rm_agenda_item_comment_MEETING_ID` FOREIGN KEY (`MEETING_ID`) REFERENCES `mtg_rm_meeting` (`MEETING_ID`) ON DELETE CASCADE ON UPDATE CASCADE,
  CONSTRAINT `FK_mtg_rm_agenda_item_comment_USERID` FOREIGN KEY (`USERID`) REFERENCES `user_directory` (`USERID`) ON DELETE CASCADE ON UPDATE CASCADE
) ENGINE=InnoDB DEFAULT CHARSET=utf8 COLLATE=utf8_bin;

# Dumping data for table meetingmanager.mtg_rm_agenda_item_comment: 2 rows
/*!40000 ALTER TABLE `mtg_rm_agenda_item_comment` DISABLE KEYS */;
INSERT INTO `mtg_rm_agenda_item_comment` (`MEETING_ID`, `AGENDA_NO`, `COMMENT_NO`, `USERID`, `DATETIME`, `CONTENT`) VALUES (1, 1, 1, 45678, '2010-07-22 17:03:08', 'Sample Comment One'), (1, 2, 3, 23456, '2010-08-22 17:03:08', 'Sample Comment Two');
/*!40000 ALTER TABLE `mtg_rm_agenda_item_comment` ENABLE KEYS */;


# Dumping structure for table meetingmanager.mtg_rm_list
CREATE TABLE IF NOT EXISTS `mtg_rm_list` (
  `MTG_RM_ID` int(15) unsigned NOT NULL,
  `NAME` varchar(200) COLLATE utf8_bin NOT NULL,
  `CATEGORY` enum('Open','Closed') COLLATE utf8_bin NOT NULL DEFAULT 'Open',
  `TOR` mediumtext COLLATE utf8_bin,
  PRIMARY KEY (`MTG_RM_ID`),
  UNIQUE KEY `MTG_RM_ID` (`MTG_RM_ID`),
  UNIQUE KEY `NAME` (`NAME`)
) ENGINE=InnoDB DEFAULT CHARSET=utf8 COLLATE=utf8_bin;

# Dumping data for table meetingmanager.mtg_rm_list: 237 rows
/*!40000 ALTER TABLE `mtg_rm_list` DISABLE KEYS */;
INSERT INTO `mtg_rm_list` (`MTG_RM_ID`, `NAME`, `CATEGORY`, `TOR`) VALUES (100, 'MeetingRoomA', 'Open', 'Lorem ipsum dolor sit amet, consectetur adipisicing elit, sed do eiusmod tempor incididunt ut labore et dolore magna aliqua. Ut enim ad minim veniam, quis nostrud exercitation ullamco laboris nisi ut aliquip ex ea commodo consequat. Duis aute irure dolor in reprehenderit in voluptate velit esse cillum dolore eu fugiat nulla pariatur. Excepteur sint occaecat cupidatat non proident, sunt in culpa qui officia deserunt mollit anim id est laborum.'), (101, 'MeetingRoomB', 'Closed', ''), (102, 'MeetingRoomC', 'Closed', 'Sample Terms of Reference'), (103, 'MeetingRoomD', 'Open', 'Sample Terms of Reference'), (104, 'MeetingRoomE', 'Open', 'Sample Terms of Reference'), (105, 'MeetingRoomF', 'Closed', 'Sample Terms of Reference'), (201, 'Afghanistan', 'Open', NULL), (202, 'Albania', 'Open', 'Sample Terms of Reference'), (203, 'Algeria', 'Open', 'Sample Terms of Reference'), (204, 'American Samoa', 'Open', 'Sample Terms of Reference'), (205, 'Andorra', 'Open', 'Sample Terms of Reference'), (206, 'Angola', 'Open', 'Sample Terms of Reference'), (207, 'Anguilla', 'Open', 'Sample Terms of Reference'), (208, 'Antarctica', 'Closed', 'Sample Terms of Reference'), (209, 'Antigua and Barbuda', 'Closed', 'Sample Terms of Reference'), (210, 'Argentina', 'Open', 'Sample Terms of Reference'), (211, 'Armenia', 'Open', 'Sample Terms of Reference'), (212, 'Aruba', 'Open', 'Sample Terms of Reference'), (213, 'Australia', 'Open', 'Sample Terms of Reference'), (214, 'Austria', 'Open', 'Sample Terms of Reference'), (215, 'Azerbaijan', 'Open', 'Sample Terms of Reference'), (216, 'Bahamas', 'Open', 'Sample Terms of Reference'), (217, 'Bahrain', 'Open', 'Sample Terms of Reference'), (218, 'Bangladesh', 'Open', 'Sample Terms of Reference'), (219, 'Barbados', 'Open', 'Sample Terms of Reference'), (220, 'Belarus', 'Open', 'Sample Terms of Reference'), (221, 'Belgium', 'Open', 'Sample Terms of Reference'), (222, 'Belize', 'Open', 'Sample Terms of Reference'), (223, 'Benin', 'Open', 'Sample Terms of Reference'), (224, 'Bermuda', 'Open', 'Sample Terms of Reference'), (225, 'Bhutan', 'Open', 'Sample Terms of Reference'), (226, 'Bolivia', 'Open', 'Sample Terms of Reference'), (227, 'Bosnia and Herzegovina', 'Open', 'Sample Terms of Reference'), (228, 'Botswana', 'Open', 'Sample Terms of Reference'), (229, 'Bouvet Island', 'Open', 'Sample Terms of Reference'), (230, 'Brazil', 'Open', 'Sample Terms of Reference'), (231, 'British Indian Ocean Territory', 'Open', 'Sample Terms of Reference'), (232, 'Brunei Darussalam', 'Open', 'Sample Terms of Reference'), (233, 'Bulgaria', 'Open', 'Sample Terms of Reference'), (234, 'Burkina Faso', 'Open', 'Sample Terms of Reference'), (235, 'Burundi', 'Open', 'Sample Terms of Reference'), (236, 'Cambodia', 'Open', 'Sample Terms of Reference'), (237, 'Cameroon', 'Open', 'Sample Terms of Reference'), (238, 'Canada', 'Open', 'Sample Terms of Reference'), (239, 'Cape Verde', 'Open', 'Sample Terms of Reference'), (240, 'Cayman Islands', 'Open', 'Sample Terms of Reference'), (241, 'Central African Republic', 'Open', 'Sample Terms of Reference'), (242, 'Chad', 'Open', 'Sample Terms of Reference'), (243, 'Chile', 'Open', 'Sample Terms of Reference'), (244, 'China', 'Open', 'Sample Terms of Reference'), (245, 'Christmas Island', 'Open', 'Sample Terms of Reference'), (246, 'Cocos (Keeling) Islands', 'Open', 'Sample Terms of Reference'), (247, 'Colombia', 'Open', 'Sample Terms of Reference'), (248, 'Comoros', 'Open', 'Sample Terms of Reference'), (249, 'Congo', 'Open', 'Sample Terms of Reference'), (250, 'Congo, the Democratic Republic of the', 'Open', 'Sample Terms of Reference'), (251, 'Cook Islands', 'Open', 'Sample Terms of Reference'), (252, 'Costa Rica', 'Open', 'Sample Terms of Reference'), (253, 'Cote D\'Ivoire', 'Open', 'Sample Terms of Reference'), (254, 'Croatia', 'Open', 'Sample Terms of Reference'), (255, 'Cuba', 'Open', 'Sample Terms of Reference'), (256, 'Cyprus', 'Open', 'Sample Terms of Reference'), (257, 'Czech Republic', 'Open', 'Sample Terms of Reference'), (258, 'Denmark', 'Open', 'Sample Terms of Reference'), (259, 'Djibouti', 'Open', 'Sample Terms of Reference'), (260, 'Dominica', 'Open', 'Sample Terms of Reference'), (261, 'Dominican Republic', 'Open', 'Sample Terms of Reference'), (262, 'Ecuador', 'Open', 'Sample Terms of Reference'), (263, 'Egypt', 'Open', 'Sample Terms of Reference'), (264, 'El Salvador', 'Open', 'Sample Terms of Reference'), (265, 'Equatorial Guinea', 'Open', 'Sample Terms of Reference'), (266, 'Eritrea', 'Open', 'Sample Terms of Reference'), (267, 'Estonia', 'Open', 'Sample Terms of Reference'), (268, 'Ethiopia', 'Open', 'Sample Terms of Reference'), (269, 'Falkland Islands (Malvinas)', 'Open', 'Sample Terms of Reference'), (270, 'Faroe Islands', 'Open', 'Sample Terms of Reference'), (271, 'Fiji', 'Open', 'Sample Terms of Reference'), (272, 'Finland', 'Open', 'Sample Terms of Reference'), (273, 'France', 'Open', 'Sample Terms of Reference'), (274, 'French Guiana', 'Open', 'Sample Terms of Reference'), (275, 'French Polynesia', 'Open', 'Sample Terms of Reference'), (276, 'French Southern Territories', 'Open', 'Sample Terms of Reference'), (277, 'Gabon', 'Open', 'Sample Terms of Reference'), (278, 'Gambia', 'Open', 'Sample Terms of Reference'), (279, 'Georgia', 'Open', 'Sample Terms of Reference'), (280, 'Germany', 'Open', 'Sample Terms of Reference'), (281, 'Ghana', 'Open', 'Sample Terms of Reference'), (282, 'Gibraltar', 'Open', 'Sample Terms of Reference'), (283, 'Greece', 'Open', 'Sample Terms of Reference'), (284, 'Greenland', 'Open', 'Sample Terms of Reference'), (285, 'Grenada', 'Open', 'Sample Terms of Reference'), (286, 'Guadeloupe', 'Open', 'Sample Terms of Reference'), (287, 'Guam', 'Open', 'Sample Terms of Reference'), (288, 'Guatemala', 'Open', 'Sample Terms of Reference'), (289, 'Guinea', 'Open', 'Sample Terms of Reference'), (290, 'Guinea-Bissau', 'Open', 'Sample Terms of Reference'), (291, 'Guyana', 'Open', 'Sample Terms of Reference'), (292, 'Haiti', 'Open', 'Sample Terms of Reference'), (293, 'Heard Island and Mcdonald Islands', 'Open', 'Sample Terms of Reference'), (294, 'Holy See (Vatican City State)', 'Open', 'Sample Terms of Reference'), (295, 'Honduras', 'Open', 'Sample Terms of Reference'), (296, 'Hong Kong', 'Open', 'Sample Terms of Reference'), (297, 'Hungary', 'Open', 'Sample Terms of Reference'), (298, 'Iceland', 'Open', 'Sample Terms of Reference'), (299, 'India', 'Open', 'Sample Terms of Reference'), (300, 'Indonesia', 'Open', 'Sample Terms of Reference'), (301, 'Iran, Islamic Republic of', 'Open', 'Sample Terms of Reference'), (302, 'Iraq', 'Open', 'Sample Terms of Reference'), (303, 'Ireland', 'Open', 'Sample Terms of Reference'), (304, 'Israel', 'Open', 'Sample Terms of Reference'), (305, 'Italy', 'Open', 'Sample Terms of Reference'), (306, 'Jamaica', 'Open', 'Sample Terms of Reference'), (307, 'Japan', 'Open', 'Sample Terms of Reference'), (308, 'Jordan', 'Open', 'Sample Terms of Reference'), (309, 'Kazakhstan', 'Open', 'Sample Terms of Reference'), (310, 'Kenya', 'Open', 'Sample Terms of Reference'), (311, 'Kiribati', 'Open', 'Sample Terms of Reference'), (312, 'Korea, Democratic People\'s Republic of', 'Open', 'Sample Terms of Reference'), (313, 'Korea, Republic of', 'Open', 'Sample Terms of Reference'), (314, 'Kuwait', 'Open', 'Sample Terms of Reference'), (315, 'Kyrgyzstan', 'Open', 'Sample Terms of Reference'), (316, 'Lao People\'s Democratic Republic', 'Open', 'Sample Terms of Reference'), (317, 'Latvia', 'Open', 'Sample Terms of Reference'), (318, 'Lebanon', 'Open', 'Sample Terms of Reference'), (319, 'Lesotho', 'Open', 'Sample Terms of Reference'), (320, 'Liberia', 'Open', 'Sample Terms of Reference'), (321, 'Libyan Arab Jamahiriya', 'Open', 'Sample Terms of Reference'), (322, 'Liechtenstein', 'Open', 'Sample Terms of Reference'), (323, 'Lithuania', 'Open', 'Sample Terms of Reference'), (324, 'Luxembourg', 'Open', 'Sample Terms of Reference'), (325, 'Macao', 'Open', 'Sample Terms of Reference'), (326, 'Macedonia, the Former Yugoslav Republic of', 'Open', 'Sample Terms of Reference'), (327, 'Madagascar', 'Open', 'Sample Terms of Reference'), (328, 'Malawi', 'Open', 'Sample Terms of Reference'), (329, 'Malaysia', 'Open', 'Sample Terms of Reference'), (330, 'Maldives', 'Open', 'Sample Terms of Reference'), (331, 'Mali', 'Open', 'Sample Terms of Reference'), (332, 'Malta', 'Open', 'Sample Terms of Reference'), (333, 'Marshall Islands', 'Open', 'Sample Terms of Reference'), (334, 'Martinique', 'Open', 'Sample Terms of Reference'), (335, 'Mauritania', 'Open', 'Sample Terms of Reference'), (336, 'Mauritius', 'Open', 'Sample Terms of Reference'), (337, 'Mayotte', 'Open', 'Sample Terms of Reference'), (338, 'Mexico', 'Open', 'Sample Terms of Reference'), (339, 'Micronesia, Federated States of', 'Open', 'Sample Terms of Reference'), (340, 'Moldova, Republic of', 'Open', 'Sample Terms of Reference'), (341, 'Monaco', 'Open', 'Sample Terms of Reference'), (342, 'Mongolia', 'Open', 'Sample Terms of Reference'), (343, 'Montserrat', 'Open', 'Sample Terms of Reference'), (344, 'Morocco', 'Open', 'Sample Terms of Reference'), (345, 'Mozambique', 'Open', 'Sample Terms of Reference'), (346, 'Myanmar', 'Open', 'Sample Terms of Reference'), (347, 'Namibia', 'Open', 'Sample Terms of Reference'), (348, 'Nauru', 'Open', 'Sample Terms of Reference'), (349, 'Nepal', 'Open', 'Sample Terms of Reference'), (350, 'Netherlands', 'Open', 'Sample Terms of Reference'), (351, 'Netherlands Antilles', 'Open', 'Sample Terms of Reference'), (352, 'New Caledonia', 'Open', 'Sample Terms of Reference'), (353, 'New Zealand', 'Open', 'Sample Terms of Reference'), (354, 'Nicaragua', 'Open', 'Sample Terms of Reference'), (355, 'Niger', 'Open', 'Sample Terms of Reference'), (356, 'Nigeria', 'Open', 'Sample Terms of Reference'), (357, 'Niue', 'Open', 'Sample Terms of Reference'), (358, 'Norfolk Island', 'Open', 'Sample Terms of Reference'), (359, 'Northern Mariana Islands', 'Open', 'Sample Terms of Reference'), (360, 'Norway', 'Open', 'Sample Terms of Reference'), (361, 'Oman', 'Open', 'Sample Terms of Reference'), (362, 'Pakistan', 'Open', 'Sample Terms of Reference'), (363, 'Palau', 'Open', 'Sample Terms of Reference'), (364, 'Palestinian Territory, Occupied', 'Open', 'Sample Terms of Reference'), (365, 'Panama', 'Open', 'Sample Terms of Reference'), (366, 'Papua New Guinea', 'Open', 'Sample Terms of Reference'), (367, 'Paraguay', 'Open', 'Sample Terms of Reference'), (368, 'Peru', 'Open', 'Sample Terms of Reference'), (369, 'Philippines', 'Open', 'Sample Terms of Reference'), (370, 'Pitcairn', 'Open', 'Sample Terms of Reference'), (371, 'Poland', 'Open', 'Sample Terms of Reference'), (372, 'Portugal', 'Open', 'Sample Terms of Reference'), (373, 'Puerto Rico', 'Open', 'Sample Terms of Reference'), (374, 'Qatar', 'Open', 'Sample Terms of Reference'), (375, 'Reunion', 'Open', 'Sample Terms of Reference'), (376, 'Romania', 'Open', 'Sample Terms of Reference'), (377, 'Russian Federation', 'Open', 'Sample Terms of Reference'), (378, 'Rwanda', 'Open', 'Sample Terms of Reference'), (379, 'Saint Helena', 'Open', 'Sample Terms of Reference'), (380, 'Saint Kitts and Nevis', 'Open', 'Sample Terms of Reference'), (381, 'Saint Lucia', 'Open', 'Sample Terms of Reference'), (382, 'Saint Pierre and Miquelon', 'Open', 'Sample Terms of Reference'), (383, 'Saint Vincent and the Grenadines', 'Open', 'Sample Terms of Reference'), (384, 'Samoa', 'Open', 'Sample Terms of Reference'), (385, 'San Marino', 'Open', 'Sample Terms of Reference'), (386, 'Sao Tome and Principe', 'Open', 'Sample Terms of Reference'), (387, 'Saudi Arabia', 'Open', 'Sample Terms of Reference'), (388, 'Senegal', 'Open', 'Sample Terms of Reference'), (389, 'Serbia and Montenegro', 'Open', 'Sample Terms of Reference'), (390, 'Seychelles', 'Open', 'Sample Terms of Reference'), (391, 'Sierra Leone', 'Open', 'Sample Terms of Reference'), (392, 'Singapore', 'Open', 'Sample Terms of Reference'), (393, 'Slovakia', 'Open', 'Sample Terms of Reference'), (394, 'Slovenia', 'Open', 'Sample Terms of Reference'), (395, 'Solomon Islands', 'Open', 'Sample Terms of Reference'), (396, 'Somalia', 'Open', 'Sample Terms of Reference'), (397, 'South Africa', 'Open', 'Sample Terms of Reference'), (398, 'South Georgia and the South Sandwich Islands', 'Open', 'Sample Terms of Reference'), (399, 'Spain', 'Open', 'Sample Terms of Reference'), (400, 'Sri Lanka', 'Open', 'Sample Terms of Reference'), (401, 'Sudan', 'Open', 'Sample Terms of Reference'), (402, 'Suriname', 'Open', 'Sample Terms of Reference'), (403, 'Svalbard and Jan Mayen', 'Open', 'Sample Terms of Reference'), (404, 'Swaziland', 'Open', 'Sample Terms of Reference'), (405, 'Sweden', 'Open', 'Sample Terms of Reference'), (406, 'Switzerland', 'Open', 'Sample Terms of Reference'), (407, 'Syrian Arab Republic', 'Open', 'Sample Terms of Reference'), (408, 'Taiwan, Province of China', 'Open', 'Sample Terms of Reference'), (409, 'Tajikistan', 'Open', 'Sample Terms of Reference'), (410, 'Tanzania, United Republic of', 'Open', 'Sample Terms of Reference'), (411, 'Thailand', 'Open', 'Sample Terms of Reference'), (412, 'Timor-Leste', 'Open', 'Sample Terms of Reference'), (413, 'Togo', 'Open', 'Sample Terms of Reference'), (414, 'Tokelau', 'Open', 'Sample Terms of Reference'), (415, 'Tonga', 'Open', 'Sample Terms of Reference'), (416, 'Trinidad and Tobago', 'Open', 'Sample Terms of Reference'), (417, 'Tunisia', 'Open', 'Sample Terms of Reference'), (418, 'Turkey', 'Open', 'Sample Terms of Reference'), (419, 'Turkmenistan', 'Open', 'Sample Terms of Reference'), (420, 'Turks and Caicos Islands', 'Open', 'Sample Terms of Reference'), (421, 'Tuvalu', 'Open', 'Sample Terms of Reference'), (422, 'Uganda', 'Open', 'Sample Terms of Reference'), (423, 'Ukraine', 'Open', 'Sample Terms of Reference'), (424, 'United Arab Emirates', 'Open', 'Sample Terms of Reference'), (425, 'United Kingdom', 'Open', 'Sample Terms of Reference'), (426, 'United States', 'Open', 'Sample Terms of Reference'), (427, 'United States Minor Outlying Islands', 'Open', 'Sample Terms of Reference'), (428, 'Uruguay', 'Open', 'Sample Terms of Reference'), (429, 'Uzbekistan', 'Open', 'Sample Terms of Reference'), (430, 'Vanuatu', 'Open', 'Sample Terms of Reference'), (431, 'Venezuela', 'Open', 'Sample Terms of Reference'), (432, 'Viet Nam', 'Open', 'Sample Terms of Reference'), (433, 'Virgin Islands, British', 'Open', 'Sample Terms of Reference'), (434, 'Virgin Islands, U.s.', 'Open', 'Sample Terms of Reference'), (435, 'Wallis and Futuna', 'Open', 'Sample Terms of Reference'), (436, 'Western Sahara', 'Open', 'Sample Terms of Reference'), (437, 'Yemen', 'Open', 'Sample Terms of Reference'), (438, 'Zambia', 'Open', 'Sample Terms of Reference'), (439, 'Zimbabwe', 'Open', 'Sample Terms of Reference'), (440, 'Sample Meeting Room', 'Closed', '<div id="lipsum">\n<p>Lorem ipsum dolor sit amet, consectetur adipiscing elit. Praesent dolor  felis, consequat nec tempor id, fringilla ut dui. Integer eget laoreet  eros. Quisque dignissim tincidunt adipiscing. Nam sem leo, adipiscing eu  pretium id, accumsan non justo. Nulla placerat, libero ac pulvinar  euismod, turpis erat viverra metus, id convallis dolor nibh in arcu.  Cras eu leo metus. Sed vitae sem et quam imperdiet convallis. Vivamus  ornare tempus tristique. Aliquam non condimentum metus. Aliquam eleifend  euismod ligula sed pulvinar. Nam at diam nunc. Sed lectus lectus,  iaculis a cursus sit amet, feugiat pretium ante. Duis consectetur ligula  nec elit hendrerit at adipiscing ligula porttitor. Pellentesque sit  amet nisl magna. Vestibulum ante ipsum primis in faucibus orci luctus et  ultrices posuere cubilia Curae; Pellentesque in dui purus, in vehicula  elit.</p>\n<p>Duis dignissim erat orci, nec consequat orci. Aenean molestie magna non  nisl placerat eleifend. Aenean magna ipsum, mollis vitae varius non,  fringilla id tellus. Maecenas arcu elit, imperdiet sed luctus  consectetur, tincidunt vulputate erat. Phasellus sapien nibh, ornare non  ultricies in, auctor quis lacus. Vestibulum dolor metus, scelerisque  nec tincidunt sit amet, convallis non neque. Sed eu purus ac massa  ultrices consectetur. Quisque auctor justo at risus rutrum non varius  massa tempor. Duis odio mauris, fermentum eu convallis quis, dapibus non  lorem. Integer sit amet enim ac magna gravida elementum. Suspendisse  iaculis imperdiet quam.</p>\n<p>Donec ante nunc, dapibus eu molestie sed, ornare ac erat. Proin semper  orci at libero varius nec sagittis risus congue. Etiam venenatis nisi  vel quam vulputate eget accumsan dolor vehicula. Nunc placerat, metus  molestie pellentesque lobortis, dolor eros lobortis elit, ultrices  congue diam sem sit amet enim. Quisque fringilla ante orci, sed  sollicitudin risus. Nunc aliquet fermentum sem, sed venenatis ipsum  auctor facilisis. Phasellus fermentum, magna quis fringilla mollis, leo  nisl sagittis magna, in ultricies urna neque non enim. Praesent eget  lectus molestie metus suscipit sagittis. Sed porttitor, metus et dapibus  adipiscing, sapien urna pharetra sapien, et porta risus sem nec odio.  Sed feugiat, odio quis fermentum laoreet, est libero scelerisque turpis,  a facilisis risus nisi a massa. Sed enim dolor, faucibus non posuere  vel, tristique ut elit. Lorem ipsum dolor sit amet, consectetur  adipiscing elit. Duis vel ullamcorper lacus. Duis vulputate facilisis  congue. Ut justo sem, imperdiet vel facilisis at, porta non lorem.  Suspendisse gravida neque eu felis tempor ullamcorper. Aliquam at est  nisi, at luctus elit. Ut faucibus tempor lorem eget porttitor.  Vestibulum ante ipsum primis in faucibus orci luctus et ultrices posuere  cubilia Curae;</p>\n<p>In suscipit volutpat orci sit amet convallis. Ut a nisi id leo consequat  placerat. Aliquam erat volutpat. In sed interdum leo. Sed dignissim  scelerisque sem, in accumsan est rhoncus in. Aenean nibh nulla,  fringilla eget faucibus vel, pellentesque in ipsum. Morbi cursus orci at  mi ultrices a dapibus massa auctor. Vestibulum ante ipsum primis in  faucibus orci luctus et ultrices posuere cubilia Curae; Nunc varius nisi  a est tempor vestibulum. Donec quis quam libero. Nullam a magna dui,  eget volutpat elit. Nulla non dui leo, sit amet molestie magna. Ut vitae  turpis erat, a accumsan diam. Duis sed libero purus, id egestas felis.  Aliquam luctus ultricies arcu ut bibendum. Aliquam erat volutpat.  Integer semper ultrices tellus eget rhoncus. Aliquam nisi nisi, pharetra  sed rutrum vel, bibendum sit amet diam. Proin sit amet erat  pellentesque ipsum rutrum fermentum. Ut sed ipsum ut erat aliquam  cursus.</p>\n<p>&lt;&lt; <a href="google.com"><strong>Google</strong></a> &gt;&gt;</p>\n<p>Mauris eleifend dignissim bibendum. Phasellus sagittis blandit  consectetur. Nunc vitae aliquam tortor. Fusce dictum volutpat mi, luctus  malesuada quam dignissim sed. Suspendisse potenti. Nullam vulputate  risus et elit malesuada id pellentesque ante viverra. Donec quis dapibus  leo. Suspendisse tristique sagittis lectus eu pharetra. Nam nec sodales  elit. Nullam urna risus, suscipit eget consequat at, blandit at risus.  Nam vestibulum pretium mauris id consequat. Maecenas a odio sit amet  eros venenatis convallis et non justo.</p>\n</div>');
/*!40000 ALTER TABLE `mtg_rm_list` ENABLE KEYS */;


# Dumping structure for table meetingmanager.mtg_rm_meeting
CREATE TABLE IF NOT EXISTS `mtg_rm_meeting` (
  `MEETING_ID` int(15) unsigned NOT NULL,
  `MTG_RM_ID` int(15) unsigned NOT NULL,
  `NAME` varchar(200) COLLATE utf8_bin NOT NULL,
  `DATE` date NOT NULL,
  `START_TIME` time NOT NULL,
  `END_TIME` time NOT NULL,
  `VENUE` varchar(50) COLLATE utf8_bin NOT NULL,
  `LAST_UPDATED` datetime NOT NULL,
  PRIMARY KEY (`MEETING_ID`),
  UNIQUE KEY `MEETING_ID` (`MEETING_ID`),
  KEY `FK_mtg_rm_meeting_MTG_RM_ID` (`MTG_RM_ID`),
  CONSTRAINT `FK_mtg_rm_meeting_MTG_RM_ID` FOREIGN KEY (`MTG_RM_ID`) REFERENCES `mtg_rm_list` (`MTG_RM_ID`) ON DELETE CASCADE ON UPDATE CASCADE
) ENGINE=InnoDB DEFAULT CHARSET=utf8 COLLATE=utf8_bin;

# Dumping data for table meetingmanager.mtg_rm_meeting: 13 rows
/*!40000 ALTER TABLE `mtg_rm_meeting` DISABLE KEYS */;
INSERT INTO `mtg_rm_meeting` (`MEETING_ID`, `MTG_RM_ID`, `NAME`, `DATE`, `START_TIME`, `END_TIME`, `VENUE`, `LAST_UPDATED`) VALUES (1, 100, 'MeetingA_Aug', '2010-08-01', '11:00:00', '12:30:00', 'VenueA', '2010-07-29 14:00:00'), (2, 101, 'MeetingB_Aug', '2010-08-02', '12:00:00', '13:30:00', 'VenueB', '2010-07-30 15:30:00'), (3, 102, 'MeetingC_Aug', '2010-08-03', '13:00:00', '14:30:00', 'VenueC', '2010-07-31 17:00:00'), (4, 340, 'MeetingC_AugY', '2010-07-03', '13:00:00', '14:30:00', 'VenueCY', '2010-03-31 10:48:11'), (5, 201, 'MeetingC_AugX', '2010-02-07', '12:00:00', '16:23:00', 'VenueCX', '2010-04-28 13:00:00'), (6, 100, 'MeetingA_Sept', '2010-09-06', '16:00:00', '17:00:00', 'VenueA', '2010-09-04 09:00:00'), (7, 101, 'MeetingB_Sept', '2010-09-07', '17:00:00', '18:00:00', 'VenueB', '2010-09-05 10:00:00'), (8, 102, 'MeetingC_Sept', '2010-09-08', '18:00:00', '19:00:00', 'VenueC', '2010-09-06 11:00:00'), (9, 100, 'MeetingA_Oct', '2010-10-01', '18:00:00', '19:30:00', 'VenueA', '2010-08-10 17:30:00'), (10, 201, 'TestMeeting_Aug', '2010-08-06', '18:00:00', '19:30:00', 'VenueX', '2010-08-10 17:30:00'), (11, 201, 'TestMeeting_Dec', '2010-12-06', '08:00:00', '09:37:00', 'VenueXX', '2010-12-05 09:10:00'), (12, 392, 'Singapore_Mtg', '2010-01-10', '12:21:00', '13:33:00', 'Somewhere', '2010-07-06 15:14:00'), (13, 100, 'MeetingA_Jul', '2010-07-01', '13:52:47', '18:02:48', 'Nowhere', '2010-09-03 16:02:56');
/*!40000 ALTER TABLE `mtg_rm_meeting` ENABLE KEYS */;


# Dumping structure for table meetingmanager.mtg_rm_membership
CREATE TABLE IF NOT EXISTS `mtg_rm_membership` (
  `USERID` int(15) unsigned NOT NULL,
  `MTG_RM_ID` int(15) unsigned NOT NULL,
  `ROLE` enum('Secretariat','Chairman','Member','Presenter','Subscriber') COLLATE utf8_bin NOT NULL,
  PRIMARY KEY (`USERID`,`MTG_RM_ID`),
  UNIQUE KEY `USERID_MTG_RM_ID` (`USERID`,`MTG_RM_ID`),
  KEY `FK_mtg_rm_membership_MTG_RM_ID` (`MTG_RM_ID`),
  KEY `FK_mtg_rm_membership_USERID` (`USERID`),
  CONSTRAINT `FK_mtg_rm_membership_MTG_RM_ID` FOREIGN KEY (`MTG_RM_ID`) REFERENCES `mtg_rm_list` (`MTG_RM_ID`) ON DELETE CASCADE ON UPDATE CASCADE,
  CONSTRAINT `FK_mtg_rm_membership_USERID` FOREIGN KEY (`USERID`) REFERENCES `user_directory` (`USERID`) ON DELETE CASCADE ON UPDATE CASCADE
) ENGINE=InnoDB DEFAULT CHARSET=utf8 COLLATE=utf8_bin;

# Dumping data for table meetingmanager.mtg_rm_membership: 18 rows
/*!40000 ALTER TABLE `mtg_rm_membership` DISABLE KEYS */;
INSERT INTO `mtg_rm_membership` (`USERID`, `MTG_RM_ID`, `ROLE`) VALUES (12345, 100, 'Chairman'), (12345, 101, 'Secretariat'), (12345, 103, 'Secretariat'), (23456, 100, 'Member'), (23456, 101, 'Chairman'), (23456, 102, 'Secretariat'), (23456, 104, 'Member'), (23456, 201, 'Presenter'), (23456, 208, 'Member'), (23456, 392, 'Subscriber'), (23456, 440, 'Secretariat'), (34567, 100, 'Secretariat'), (34567, 101, 'Member'), (34567, 102, 'Chairman'), (45678, 100, 'Presenter'), (45678, 101, 'Presenter'), (45678, 102, 'Member'), (45679, 209, 'Secretariat');
/*!40000 ALTER TABLE `mtg_rm_membership` ENABLE KEYS */;


# Dumping structure for table meetingmanager.user_directory
CREATE TABLE IF NOT EXISTS `user_directory` (
  `USERID` int(15) unsigned NOT NULL DEFAULT '0',
  `USERNAME` varchar(200) COLLATE utf8_bin NOT NULL,
  `PASSWORD` varchar(50) COLLATE utf8_bin NOT NULL,
  `EMAIL_ADDRESS` varchar(200) COLLATE utf8_bin DEFAULT NULL,
  `IS_ADMIN` tinyint(1) unsigned NOT NULL,
  PRIMARY KEY (`USERID`),
  UNIQUE KEY `USERID` (`USERID`)
) ENGINE=InnoDB DEFAULT CHARSET=utf8 COLLATE=utf8_bin;

# Dumping data for table meetingmanager.user_directory: 1,056 rows
/*!40000 ALTER TABLE `user_directory` DISABLE KEYS */;
INSERT INTO `user_directory` (`USERID`, `USERNAME`, `PASSWORD`, `EMAIL_ADDRESS`, `IS_ADMIN`) VALUES (12345, 'usera', 'password', 'userA@mtgmgr.local', 0), (23456, 'userb', 'password', 'userB@mtgmgr.local', 1), (34567, 'userc', 'password', 'userC@mtgmgr.local', 0), (45678, 'userd', 'password', 'userD@mtgmgr.local', 0), (45679, 'user45679', 'password', 'user45679@mtgmgr.local', 0), (45680, 'user45680', 'password', 'user45680@mtgmgr.local', 0), (45681, 'user45681', 'password', 'user45681@mtgmgr.local', 0), (45682, 'user45682', 'password', 'user45682@mtgmgr.local', 0), (45683, 'user45683', 'password', 'user45683@mtgmgr.local', 0), (45684, 'user45684', 'password', 'user45684@mtgmgr.local', 0), (45685, 'user45685', 'password', 'user45685@mtgmgr.local', 0), (45686, 'user45686', 'password', 'user45686@mtgmgr.local', 0), (45687, 'user45687', 'password', 'user45687@mtgmgr.local', 0), (45688, 'user45688', 'password', 'user45688@mtgmgr.local', 0), (45689, 'user45689', 'password', 'user45689@mtgmgr.local', 0), (45690, 'user45690', 'password', 'user45690@mtgmgr.local', 0), (45691, 'user45691', 'password', 'user45691@mtgmgr.local', 0), (45692, 'user45692', 'password', 'user45692@mtgmgr.local', 0), (45693, 'user45693', 'password', 'user45693@mtgmgr.local', 0), (45694, 'user45694', 'password', 'user45694@mtgmgr.local', 0), (45695, 'user45695', 'password', 'user45695@mtgmgr.local', 0), (45696, 'user45696', 'password', 'user45696@mtgmgr.local', 0), (45697, 'user45697', 'password', 'user45697@mtgmgr.local', 0), (45698, 'user45698', 'password', 'user45698@mtgmgr.local', 0), (45699, 'user45699', 'password', 'user45699@mtgmgr.local', 0), (45700, 'user45700', 'password', 'user45700@mtgmgr.local', 0), (45701, 'user45701', 'password', 'user45701@mtgmgr.local', 0), (45702, 'user45702', 'password', 'user45702@mtgmgr.local', 0), (45703, 'user45703', 'password', 'user45703@mtgmgr.local', 0), (45704, 'user45704', 'password', 'user45704@mtgmgr.local', 0), (45705, 'user45705', 'password', 'user45705@mtgmgr.local', 0), (45706, 'user45706', 'password', 'user45706@mtgmgr.local', 0), (45707, 'user45707', 'password', 'user45707@mtgmgr.local', 0), (45708, 'user45708', 'password', 'user45708@mtgmgr.local', 0), (45709, 'user45709', 'password', 'user45709@mtgmgr.local', 0), (45710, 'user45710', 'password', 'user45710@mtgmgr.local', 0), (45711, 'user45711', 'password', 'user45711@mtgmgr.local', 0), (45712, 'user45712', 'password', 'user45712@mtgmgr.local', 0), (45713, 'user45713', 'password', 'user45713@mtgmgr.local', 0), (45714, 'user45714', 'password', 'user45714@mtgmgr.local', 0), (45715, 'user45715', 'password', 'user45715@mtgmgr.local', 0), (45716, 'user45716', 'password', 'user45716@mtgmgr.local', 0), (45717, 'user45717', 'password', 'user45717@mtgmgr.local', 0), (45718, 'user45718', 'password', 'user45718@mtgmgr.local', 0), (45719, 'user45719', 'password', 'user45719@mtgmgr.local', 0), (45720, 'user45720', 'password', 'user45720@mtgmgr.local', 0), (45721, 'user45721', 'password', 'user45721@mtgmgr.local', 0), (45722, 'user45722', 'password', 'user45722@mtgmgr.local', 0), (45723, 'user45723', 'password', 'user45723@mtgmgr.local', 0), (45724, 'user45724', 'password', 'user45724@mtgmgr.local', 0), (45725, 'user45725', 'password', 'user45725@mtgmgr.local', 0), (45726, 'user45726', 'password', 'user45726@mtgmgr.local', 0), (45727, 'user45727', 'password', 'user45727@mtgmgr.local', 0), (45728, 'user45728', 'password', 'user45728@mtgmgr.local', 0), (45729, 'user45729', 'password', 'user45729@mtgmgr.local', 0), (45730, 'user45730', 'password', 'user45730@mtgmgr.local', 0), (45731, 'user45731', 'password', 'user45731@mtgmgr.local', 0), (45732, 'user45732', 'password', 'user45732@mtgmgr.local', 0), (45733, 'user45733', 'password', 'user45733@mtgmgr.local', 0), (45734, 'user45734', 'password', 'user45734@mtgmgr.local', 0), (45735, 'user45735', 'password', 'user45735@mtgmgr.local', 0), (45736, 'user45736', 'password', 'user45736@mtgmgr.local', 0), (45737, 'user45737', 'password', 'user45737@mtgmgr.local', 0), (45738, 'user45738', 'password', 'user45738@mtgmgr.local', 0), (45739, 'user45739', 'password', 'user45739@mtgmgr.local', 0), (45740, 'user45740', 'password', 'user45740@mtgmgr.local', 0), (45741, 'user45741', 'password', 'user45741@mtgmgr.local', 0), (45742, 'user45742', 'password', 'user45742@mtgmgr.local', 0), (45743, 'user45743', 'password', 'user45743@mtgmgr.local', 0), (45744, 'user45744', 'password', 'user45744@mtgmgr.local', 0), (45745, 'user45745', 'password', 'user45745@mtgmgr.local', 0), (45746, 'user45746', 'password', 'user45746@mtgmgr.local', 0), (45747, 'user45747', 'password', 'user45747@mtgmgr.local', 0), (45748, 'user45748', 'password', 'user45748@mtgmgr.local', 0), (45749, 'user45749', 'password', 'user45749@mtgmgr.local', 0), (45750, 'user45750', 'password', 'user45750@mtgmgr.local', 0), (45751, 'user45751', 'password', 'user45751@mtgmgr.local', 0), (45752, 'user45752', 'password', 'user45752@mtgmgr.local', 0), (45753, 'user45753', 'password', 'user45753@mtgmgr.local', 0), (45754, 'user45754', 'password', 'user45754@mtgmgr.local', 0), (45755, 'user45755', 'password', 'user45755@mtgmgr.local', 0), (45756, 'user45756', 'password', 'user45756@mtgmgr.local', 0), (45757, 'user45757', 'password', 'user45757@mtgmgr.local', 0), (45758, 'user45758', 'password', 'user45758@mtgmgr.local', 0), (45759, 'user45759', 'password', 'user45759@mtgmgr.local', 0), (45760, 'user45760', 'password', 'user45760@mtgmgr.local', 0), (45761, 'user45761', 'password', 'user45761@mtgmgr.local', 0), (45762, 'user45762', 'password', 'user45762@mtgmgr.local', 0), (45763, 'user45763', 'password', 'user45763@mtgmgr.local', 0), (45764, 'user45764', 'password', 'user45764@mtgmgr.local', 0), (45765, 'user45765', 'password', 'user45765@mtgmgr.local', 0), (45766, 'user45766', 'password', 'user45766@mtgmgr.local', 0), (45767, 'user45767', 'password', 'user45767@mtgmgr.local', 0), (45768, 'user45768', 'password', 'user45768@mtgmgr.local', 0), (45769, 'user45769', 'password', 'user45769@mtgmgr.local', 0), (45770, 'user45770', 'password', 'user45770@mtgmgr.local', 0), (45771, 'user45771', 'password', 'user45771@mtgmgr.local', 0), (45772, 'user45772', 'password', 'user45772@mtgmgr.local', 0), (45773, 'user45773', 'password', 'user45773@mtgmgr.local', 0), (45774, 'user45774', 'password', 'user45774@mtgmgr.local', 0), (45775, 'user45775', 'password', 'user45775@mtgmgr.local', 0), (45776, 'user45776', 'password', 'user45776@mtgmgr.local', 0), (45777, 'user45777', 'password', 'user45777@mtgmgr.local', 0), (45778, 'user45778', 'password', 'user45778@mtgmgr.local', 0), (45779, 'user45779', 'password', 'user45779@mtgmgr.local', 0), (45780, 'user45780', 'password', 'user45780@mtgmgr.local', 0), (45781, 'user45781', 'password', 'user45781@mtgmgr.local', 0), (45782, 'user45782', 'password', 'user45782@mtgmgr.local', 0), (45783, 'user45783', 'password', 'user45783@mtgmgr.local', 0), (45784, 'user45784', 'password', 'user45784@mtgmgr.local', 0), (45785, 'user45785', 'password', 'user45785@mtgmgr.local', 0), (45786, 'user45786', 'password', 'user45786@mtgmgr.local', 0), (45787, 'user45787', 'password', 'user45787@mtgmgr.local', 0), (45788, 'user45788', 'password', 'user45788@mtgmgr.local', 0), (45789, 'user45789', 'password', 'user45789@mtgmgr.local', 0), (45790, 'user45790', 'password', 'user45790@mtgmgr.local', 0), (45791, 'user45791', 'password', 'user45791@mtgmgr.local', 0), (45792, 'user45792', 'password', 'user45792@mtgmgr.local', 0), (45793, 'user45793', 'password', 'user45793@mtgmgr.local', 0), (45794, 'user45794', 'password', 'user45794@mtgmgr.local', 0), (45795, 'user45795', 'password', 'user45795@mtgmgr.local', 0), (45796, 'user45796', 'password', 'user45796@mtgmgr.local', 0), (45797, 'user45797', 'password', 'user45797@mtgmgr.local', 0), (45798, 'user45798', 'password', 'user45798@mtgmgr.local', 0), (45799, 'user45799', 'password', 'user45799@mtgmgr.local', 0), (45800, 'user45800', 'password', 'user45800@mtgmgr.local', 0), (45801, 'user45801', 'password', 'user45801@mtgmgr.local', 0), (45802, 'user45802', 'password', 'user45802@mtgmgr.local', 0), (45803, 'user45803', 'password', 'user45803@mtgmgr.local', 0), (45804, 'user45804', 'password', 'user45804@mtgmgr.local', 0), (45805, 'user45805', 'password', 'user45805@mtgmgr.local', 0), (45806, 'user45806', 'password', 'user45806@mtgmgr.local', 0), (45807, 'user45807', 'password', 'user45807@mtgmgr.local', 0), (45808, 'user45808', 'password', 'user45808@mtgmgr.local', 0), (45809, 'user45809', 'password', 'user45809@mtgmgr.local', 0), (45810, 'user45810', 'password', 'user45810@mtgmgr.local', 0), (45811, 'user45811', 'password', 'user45811@mtgmgr.local', 0), (45812, 'user45812', 'password', 'user45812@mtgmgr.local', 0), (45813, 'user45813', 'password', 'user45813@mtgmgr.local', 0), (45814, 'user45814', 'password', 'user45814@mtgmgr.local', 0), (45815, 'user45815', 'password', 'user45815@mtgmgr.local', 0), (45816, 'user45816', 'password', 'user45816@mtgmgr.local', 0), (45817, 'user45817', 'password', 'user45817@mtgmgr.local', 0), (45818, 'user45818', 'password', 'user45818@mtgmgr.local', 0), (45819, 'user45819', 'password', 'user45819@mtgmgr.local', 0), (45820, 'user45820', 'password', 'user45820@mtgmgr.local', 0), (45821, 'user45821', 'password', 'user45821@mtgmgr.local', 0), (45822, 'user45822', 'password', 'user45822@mtgmgr.local', 0), (45823, 'user45823', 'password', 'user45823@mtgmgr.local', 0), (45824, 'user45824', 'password', 'user45824@mtgmgr.local', 0), (45825, 'user45825', 'password', 'user45825@mtgmgr.local', 0), (45826, 'user45826', 'password', 'user45826@mtgmgr.local', 0), (45827, 'user45827', 'password', 'user45827@mtgmgr.local', 0), (45828, 'user45828', 'password', 'user45828@mtgmgr.local', 0), (45829, 'user45829', 'password', 'user45829@mtgmgr.local', 0), (45830, 'user45830', 'password', 'user45830@mtgmgr.local', 0), (45831, 'user45831', 'password', 'user45831@mtgmgr.local', 0), (45832, 'user45832', 'password', 'user45832@mtgmgr.local', 0), (45833, 'user45833', 'password', 'user45833@mtgmgr.local', 0), (45834, 'user45834', 'password', 'user45834@mtgmgr.local', 0), (45835, 'user45835', 'password', 'user45835@mtgmgr.local', 0), (45836, 'user45836', 'password', 'user45836@mtgmgr.local', 0), (45837, 'user45837', 'password', 'user45837@mtgmgr.local', 0), (45838, 'user45838', 'password', 'user45838@mtgmgr.local', 0), (45839, 'user45839', 'password', 'user45839@mtgmgr.local', 0), (45840, 'user45840', 'password', 'user45840@mtgmgr.local', 0), (45841, 'user45841', 'password', 'user45841@mtgmgr.local', 0), (45842, 'user45842', 'password', 'user45842@mtgmgr.local', 0), (45843, 'user45843', 'password', 'user45843@mtgmgr.local', 0), (45844, 'user45844', 'password', 'user45844@mtgmgr.local', 0), (45845, 'user45845', 'password', 'user45845@mtgmgr.local', 0), (45846, 'user45846', 'password', 'user45846@mtgmgr.local', 0), (45847, 'user45847', 'password', 'user45847@mtgmgr.local', 0), (45848, 'user45848', 'password', 'user45848@mtgmgr.local', 0), (45849, 'user45849', 'password', 'user45849@mtgmgr.local', 0), (45850, 'user45850', 'password', 'user45850@mtgmgr.local', 0), (45851, 'user45851', 'password', 'user45851@mtgmgr.local', 0), (45852, 'user45852', 'password', 'user45852@mtgmgr.local', 0), (45853, 'user45853', 'password', 'user45853@mtgmgr.local', 0), (45854, 'user45854', 'password', 'user45854@mtgmgr.local', 0), (45855, 'user45855', 'password', 'user45855@mtgmgr.local', 0), (45856, 'user45856', 'password', 'user45856@mtgmgr.local', 0), (45857, 'user45857', 'password', 'user45857@mtgmgr.local', 0), (45858, 'user45858', 'password', 'user45858@mtgmgr.local', 0), (45859, 'user45859', 'password', 'user45859@mtgmgr.local', 0), (45860, 'user45860', 'password', 'user45860@mtgmgr.local', 0), (45861, 'user45861', 'password', 'user45861@mtgmgr.local', 0), (45862, 'user45862', 'password', 'user45862@mtgmgr.local', 0), (45863, 'user45863', 'password', 'user45863@mtgmgr.local', 0), (45864, 'user45864', 'password', 'user45864@mtgmgr.local', 0), (45865, 'user45865', 'password', 'user45865@mtgmgr.local', 0), (45866, 'user45866', 'password', 'user45866@mtgmgr.local', 0), (45867, 'user45867', 'password', 'user45867@mtgmgr.local', 0), (45868, 'user45868', 'password', 'user45868@mtgmgr.local', 0), (45869, 'user45869', 'password', 'user45869@mtgmgr.local', 0), (45870, 'user45870', 'password', 'user45870@mtgmgr.local', 0), (45871, 'user45871', 'password', 'user45871@mtgmgr.local', 0), (45872, 'user45872', 'password', 'user45872@mtgmgr.local', 0), (45873, 'user45873', 'password', 'user45873@mtgmgr.local', 0), (45874, 'user45874', 'password', 'user45874@mtgmgr.local', 0), (45875, 'user45875', 'password', 'user45875@mtgmgr.local', 0), (45876, 'user45876', 'password', 'user45876@mtgmgr.local', 0), (45877, 'user45877', 'password', 'user45877@mtgmgr.local', 0), (45878, 'user45878', 'password', 'user45878@mtgmgr.local', 0), (45879, 'user45879', 'password', 'user45879@mtgmgr.local', 0), (45880, 'user45880', 'password', 'user45880@mtgmgr.local', 0), (45881, 'user45881', 'password', 'user45881@mtgmgr.local', 0), (45882, 'user45882', 'password', 'user45882@mtgmgr.local', 0), (45883, 'user45883', 'password', 'user45883@mtgmgr.local', 0), (45884, 'user45884', 'password', 'user45884@mtgmgr.local', 0), (45885, 'user45885', 'password', 'user45885@mtgmgr.local', 0), (45886, 'user45886', 'password', 'user45886@mtgmgr.local', 0), (45887, 'user45887', 'password', 'user45887@mtgmgr.local', 0), (45888, 'user45888', 'password', 'user45888@mtgmgr.local', 0), (45889, 'user45889', 'password', 'user45889@mtgmgr.local', 0), (45890, 'user45890', 'password', 'user45890@mtgmgr.local', 0), (45891, 'user45891', 'password', 'user45891@mtgmgr.local', 0), (45892, 'user45892', 'password', 'user45892@mtgmgr.local', 0), (45893, 'user45893', 'password', 'user45893@mtgmgr.local', 0), (45894, 'user45894', 'password', 'user45894@mtgmgr.local', 0), (45895, 'user45895', 'password', 'user45895@mtgmgr.local', 0), (45896, 'user45896', 'password', 'user45896@mtgmgr.local', 0), (45897, 'user45897', 'password', 'user45897@mtgmgr.local', 0), (45898, 'user45898', 'password', 'user45898@mtgmgr.local', 0), (45899, 'user45899', 'password', 'user45899@mtgmgr.local', 0), (45900, 'user45900', 'password', 'user45900@mtgmgr.local', 0), (45901, 'user45901', 'password', 'user45901@mtgmgr.local', 0), (45902, 'user45902', 'password', 'user45902@mtgmgr.local', 0), (45903, 'user45903', 'password', 'user45903@mtgmgr.local', 0), (45904, 'user45904', 'password', 'user45904@mtgmgr.local', 0), (45905, 'user45905', 'password', 'user45905@mtgmgr.local', 0), (45906, 'user45906', 'password', 'user45906@mtgmgr.local', 0), (45907, 'user45907', 'password', 'user45907@mtgmgr.local', 0), (45908, 'user45908', 'password', 'user45908@mtgmgr.local', 0), (45909, 'user45909', 'password', 'user45909@mtgmgr.local', 0), (45910, 'user45910', 'password', 'user45910@mtgmgr.local', 0), (45911, 'user45911', 'password', 'user45911@mtgmgr.local', 0), (45912, 'user45912', 'password', 'user45912@mtgmgr.local', 0), (45913, 'user45913', 'password', 'user45913@mtgmgr.local', 0), (45914, 'user45914', 'password', 'user45914@mtgmgr.local', 0), (45915, 'user45915', 'password', 'user45915@mtgmgr.local', 0), (45916, 'user45916', 'password', 'user45916@mtgmgr.local', 0), (45917, 'user45917', 'password', 'user45917@mtgmgr.local', 0), (45918, 'user45918', 'password', 'user45918@mtgmgr.local', 0), (45919, 'user45919', 'password', 'user45919@mtgmgr.local', 0), (45920, 'user45920', 'password', 'user45920@mtgmgr.local', 0), (45921, 'user45921', 'password', 'user45921@mtgmgr.local', 0), (45922, 'user45922', 'password', 'user45922@mtgmgr.local', 0), (45923, 'user45923', 'password', 'user45923@mtgmgr.local', 0), (45924, 'user45924', 'password', 'user45924@mtgmgr.local', 0), (45925, 'user45925', 'password', 'user45925@mtgmgr.local', 0), (45926, 'user45926', 'password', 'user45926@mtgmgr.local', 0), (45927, 'user45927', 'password', 'user45927@mtgmgr.local', 0), (45928, 'user45928', 'password', 'user45928@mtgmgr.local', 0), (45929, 'user45929', 'password', 'user45929@mtgmgr.local', 0), (45930, 'user45930', 'password', 'user45930@mtgmgr.local', 0), (45931, 'user45931', 'password', 'user45931@mtgmgr.local', 0), (45932, 'user45932', 'password', 'user45932@mtgmgr.local', 0), (45933, 'user45933', 'password', 'user45933@mtgmgr.local', 0), (45934, 'user45934', 'password', 'user45934@mtgmgr.local', 0), (45935, 'user45935', 'password', 'user45935@mtgmgr.local', 0), (45936, 'user45936', 'password', 'user45936@mtgmgr.local', 0), (45937, 'user45937', 'password', 'user45937@mtgmgr.local', 0), (45938, 'user45938', 'password', 'user45938@mtgmgr.local', 0), (45939, 'user45939', 'password', 'user45939@mtgmgr.local', 0), (45940, 'user45940', 'password', 'user45940@mtgmgr.local', 0), (45941, 'user45941', 'password', 'user45941@mtgmgr.local', 0), (45942, 'user45942', 'password', 'user45942@mtgmgr.local', 0), (45943, 'user45943', 'password', 'user45943@mtgmgr.local', 0), (45944, 'user45944', 'password', 'user45944@mtgmgr.local', 0), (45945, 'user45945', 'password', 'user45945@mtgmgr.local', 0), (45946, 'user45946', 'password', 'user45946@mtgmgr.local', 0), (45947, 'user45947', 'password', 'user45947@mtgmgr.local', 0), (45948, 'user45948', 'password', 'user45948@mtgmgr.local', 0), (45949, 'user45949', 'password', 'user45949@mtgmgr.local', 0), (45950, 'user45950', 'password', 'user45950@mtgmgr.local', 0), (45951, 'user45951', 'password', 'user45951@mtgmgr.local', 0), (45952, 'user45952', 'password', 'user45952@mtgmgr.local', 0), (45953, 'user45953', 'password', 'user45953@mtgmgr.local', 0), (45954, 'user45954', 'password', 'user45954@mtgmgr.local', 0), (45955, 'user45955', 'password', 'user45955@mtgmgr.local', 0), (45956, 'user45956', 'password', 'user45956@mtgmgr.local', 0), (45957, 'user45957', 'password', 'user45957@mtgmgr.local', 0), (45958, 'user45958', 'password', 'user45958@mtgmgr.local', 0), (45959, 'user45959', 'password', 'user45959@mtgmgr.local', 0), (45960, 'user45960', 'password', 'user45960@mtgmgr.local', 0), (45961, 'user45961', 'password', 'user45961@mtgmgr.local', 0), (45962, 'user45962', 'password', 'user45962@mtgmgr.local', 0), (45963, 'user45963', 'password', 'user45963@mtgmgr.local', 0), (45964, 'user45964', 'password', 'user45964@mtgmgr.local', 0), (45965, 'user45965', 'password', 'user45965@mtgmgr.local', 0), (45966, 'user45966', 'password', 'user45966@mtgmgr.local', 0), (45967, 'user45967', 'password', 'user45967@mtgmgr.local', 0), (45968, 'user45968', 'password', 'user45968@mtgmgr.local', 0), (45969, 'user45969', 'password', 'user45969@mtgmgr.local', 0), (45970, 'user45970', 'password', 'user45970@mtgmgr.local', 0), (45971, 'user45971', 'password', 'user45971@mtgmgr.local', 0), (45972, 'user45972', 'password', 'user45972@mtgmgr.local', 0), (45973, 'user45973', 'password', 'user45973@mtgmgr.local', 0), (45974, 'user45974', 'password', 'user45974@mtgmgr.local', 0), (45975, 'user45975', 'password', 'user45975@mtgmgr.local', 0), (45976, 'user45976', 'password', 'user45976@mtgmgr.local', 0), (45977, 'user45977', 'password', 'user45977@mtgmgr.local', 0), (45978, 'user45978', 'password', 'user45978@mtgmgr.local', 0), (45979, 'user45979', 'password', 'user45979@mtgmgr.local', 0), (45980, 'user45980', 'password', 'user45980@mtgmgr.local', 0), (45981, 'user45981', 'password', 'user45981@mtgmgr.local', 0), (45982, 'user45982', 'password', 'user45982@mtgmgr.local', 0), (45983, 'user45983', 'password', 'user45983@mtgmgr.local', 0), (45984, 'user45984', 'password', 'user45984@mtgmgr.local', 0), (45985, 'user45985', 'password', 'user45985@mtgmgr.local', 0), (45986, 'user45986', 'password', 'user45986@mtgmgr.local', 0), (45987, 'user45987', 'password', 'user45987@mtgmgr.local', 0), (45988, 'user45988', 'password', 'user45988@mtgmgr.local', 0), (45989, 'user45989', 'password', 'user45989@mtgmgr.local', 0), (45990, 'user45990', 'password', 'user45990@mtgmgr.local', 0), (45991, 'user45991', 'password', 'user45991@mtgmgr.local', 0), (45992, 'user45992', 'password', 'user45992@mtgmgr.local', 0), (45993, 'user45993', 'password', 'user45993@mtgmgr.local', 0), (45994, 'user45994', 'password', 'user45994@mtgmgr.local', 0), (45995, 'user45995', 'password', 'user45995@mtgmgr.local', 0), (45996, 'user45996', 'password', 'user45996@mtgmgr.local', 0), (45997, 'user45997', 'password', 'user45997@mtgmgr.local', 0), (45998, 'user45998', 'password', 'user45998@mtgmgr.local', 0), (45999, 'user45999', 'password', 'user45999@mtgmgr.local', 0), (46000, 'user46000', 'password', 'user46000@mtgmgr.local', 0), (46001, 'user46001', 'password', 'user46001@mtgmgr.local', 0), (46002, 'user46002', 'password', 'user46002@mtgmgr.local', 0), (46003, 'user46003', 'password', 'user46003@mtgmgr.local', 0), (46004, 'user46004', 'password', 'user46004@mtgmgr.local', 0), (46005, 'user46005', 'password', 'user46005@mtgmgr.local', 0), (46006, 'user46006', 'password', 'user46006@mtgmgr.local', 0), (46007, 'user46007', 'password', 'user46007@mtgmgr.local', 0), (46008, 'user46008', 'password', 'user46008@mtgmgr.local', 0), (46009, 'user46009', 'password', 'user46009@mtgmgr.local', 0), (46010, 'user46010', 'password', 'user46010@mtgmgr.local', 0), (46011, 'user46011', 'password', 'user46011@mtgmgr.local', 0), (46012, 'user46012', 'password', 'user46012@mtgmgr.local', 0), (46013, 'user46013', 'password', 'user46013@mtgmgr.local', 0), (46014, 'user46014', 'password', 'user46014@mtgmgr.local', 0), (46015, 'user46015', 'password', 'user46015@mtgmgr.local', 0), (46016, 'user46016', 'password', 'user46016@mtgmgr.local', 0), (46017, 'user46017', 'password', 'user46017@mtgmgr.local', 0), (46018, 'user46018', 'password', 'user46018@mtgmgr.local', 0), (46019, 'user46019', 'password', 'user46019@mtgmgr.local', 0), (46020, 'user46020', 'password', 'user46020@mtgmgr.local', 0), (46021, 'user46021', 'password', 'user46021@mtgmgr.local', 0), (46022, 'user46022', 'password', 'user46022@mtgmgr.local', 0), (46023, 'user46023', 'password', 'user46023@mtgmgr.local', 0), (46024, 'user46024', 'password', 'user46024@mtgmgr.local', 0), (46025, 'user46025', 'password', 'user46025@mtgmgr.local', 0), (46026, 'user46026', 'password', 'user46026@mtgmgr.local', 0), (46027, 'user46027', 'password', 'user46027@mtgmgr.local', 0), (46028, 'user46028', 'password', 'user46028@mtgmgr.local', 0), (46029, 'user46029', 'password', 'user46029@mtgmgr.local', 0), (46030, 'user46030', 'password', 'user46030@mtgmgr.local', 0), (46031, 'user46031', 'password', 'user46031@mtgmgr.local', 0), (46032, 'user46032', 'password', 'user46032@mtgmgr.local', 0), (46033, 'user46033', 'password', 'user46033@mtgmgr.local', 0), (46034, 'user46034', 'password', 'user46034@mtgmgr.local', 0), (46035, 'user46035', 'password', 'user46035@mtgmgr.local', 0), (46036, 'user46036', 'password', 'user46036@mtgmgr.local', 0), (46037, 'user46037', 'password', 'user46037@mtgmgr.local', 0), (46038, 'user46038', 'password', 'user46038@mtgmgr.local', 0), (46039, 'user46039', 'password', 'user46039@mtgmgr.local', 0), (46040, 'user46040', 'password', 'user46040@mtgmgr.local', 0), (46041, 'user46041', 'password', 'user46041@mtgmgr.local', 0), (46042, 'user46042', 'password', 'user46042@mtgmgr.local', 0), (46043, 'user46043', 'password', 'user46043@mtgmgr.local', 0), (46044, 'user46044', 'password', 'user46044@mtgmgr.local', 0), (46045, 'user46045', 'password', 'user46045@mtgmgr.local', 0), (46046, 'user46046', 'password', 'user46046@mtgmgr.local', 0), (46047, 'user46047', 'password', 'user46047@mtgmgr.local', 0), (46048, 'user46048', 'password', 'user46048@mtgmgr.local', 0), (46049, 'user46049', 'password', 'user46049@mtgmgr.local', 0), (46050, 'user46050', 'password', 'user46050@mtgmgr.local', 0), (46051, 'user46051', 'password', 'user46051@mtgmgr.local', 0), (46052, 'user46052', 'password', 'user46052@mtgmgr.local', 0), (46053, 'user46053', 'password', 'user46053@mtgmgr.local', 0), (46054, 'user46054', 'password', 'user46054@mtgmgr.local', 0), (46055, 'user46055', 'password', 'user46055@mtgmgr.local', 0), (46056, 'user46056', 'password', 'user46056@mtgmgr.local', 0), (46057, 'user46057', 'password', 'user46057@mtgmgr.local', 0), (46058, 'user46058', 'password', 'user46058@mtgmgr.local', 0), (46059, 'user46059', 'password', 'user46059@mtgmgr.local', 0), (46060, 'user46060', 'password', 'user46060@mtgmgr.local', 0), (46061, 'user46061', 'password', 'user46061@mtgmgr.local', 0), (46062, 'user46062', 'password', 'user46062@mtgmgr.local', 0), (46063, 'user46063', 'password', 'user46063@mtgmgr.local', 0), (46064, 'user46064', 'password', 'user46064@mtgmgr.local', 0), (46065, 'user46065', 'password', 'user46065@mtgmgr.local', 0), (46066, 'user46066', 'password', 'user46066@mtgmgr.local', 0), (46067, 'user46067', 'password', 'user46067@mtgmgr.local', 0), (46068, 'user46068', 'password', 'user46068@mtgmgr.local', 0), (46069, 'user46069', 'password', 'user46069@mtgmgr.local', 0), (46070, 'user46070', 'password', 'user46070@mtgmgr.local', 0), (46071, 'user46071', 'password', 'user46071@mtgmgr.local', 0), (46072, 'user46072', 'password', 'user46072@mtgmgr.local', 0), (46073, 'user46073', 'password', 'user46073@mtgmgr.local', 0), (46074, 'user46074', 'password', 'user46074@mtgmgr.local', 0), (46075, 'user46075', 'password', 'user46075@mtgmgr.local', 0), (46076, 'user46076', 'password', 'user46076@mtgmgr.local', 0), (46077, 'user46077', 'password', 'user46077@mtgmgr.local', 0), (46078, 'user46078', 'password', 'user46078@mtgmgr.local', 0), (46079, 'user46079', 'password', 'user46079@mtgmgr.local', 0), (46080, 'user46080', 'password', 'user46080@mtgmgr.local', 0), (46081, 'user46081', 'password', 'user46081@mtgmgr.local', 0), (46082, 'user46082', 'password', 'user46082@mtgmgr.local', 0), (46083, 'user46083', 'password', 'user46083@mtgmgr.local', 0), (46084, 'user46084', 'password', 'user46084@mtgmgr.local', 0), (46085, 'user46085', 'password', 'user46085@mtgmgr.local', 0), (46086, 'user46086', 'password', 'user46086@mtgmgr.local', 0), (46087, 'user46087', 'password', 'user46087@mtgmgr.local', 0), (46088, 'user46088', 'password', 'user46088@mtgmgr.local', 0), (46089, 'user46089', 'password', 'user46089@mtgmgr.local', 0), (46090, 'user46090', 'password', 'user46090@mtgmgr.local', 0), (46091, 'user46091', 'password', 'user46091@mtgmgr.local', 0), (46092, 'user46092', 'password', 'user46092@mtgmgr.local', 0), (46093, 'user46093', 'password', 'user46093@mtgmgr.local', 0), (46094, 'user46094', 'password', 'user46094@mtgmgr.local', 0), (46095, 'user46095', 'password', 'user46095@mtgmgr.local', 0), (46096, 'user46096', 'password', 'user46096@mtgmgr.local', 0), (46097, 'user46097', 'password', 'user46097@mtgmgr.local', 0), (46098, 'user46098', 'password', 'user46098@mtgmgr.local', 0), (46099, 'user46099', 'password', 'user46099@mtgmgr.local', 0), (46100, 'user46100', 'password', 'user46100@mtgmgr.local', 0), (46101, 'user46101', 'password', 'user46101@mtgmgr.local', 0), (46102, 'user46102', 'password', 'user46102@mtgmgr.local', 0), (46103, 'user46103', 'password', 'user46103@mtgmgr.local', 0), (46104, 'user46104', 'password', 'user46104@mtgmgr.local', 0), (46105, 'user46105', 'password', 'user46105@mtgmgr.local', 0), (46106, 'user46106', 'password', 'user46106@mtgmgr.local', 0), (46107, 'user46107', 'password', 'user46107@mtgmgr.local', 0), (46108, 'user46108', 'password', 'user46108@mtgmgr.local', 0), (46109, 'user46109', 'password', 'user46109@mtgmgr.local', 0), (46110, 'user46110', 'password', 'user46110@mtgmgr.local', 0), (46111, 'user46111', 'password', 'user46111@mtgmgr.local', 0), (46112, 'user46112', 'password', 'user46112@mtgmgr.local', 0), (46113, 'user46113', 'password', 'user46113@mtgmgr.local', 0), (46114, 'user46114', 'password', 'user46114@mtgmgr.local', 0), (46115, 'user46115', 'password', 'user46115@mtgmgr.local', 0), (46116, 'user46116', 'password', 'user46116@mtgmgr.local', 0), (46117, 'user46117', 'password', 'user46117@mtgmgr.local', 0), (46118, 'user46118', 'password', 'user46118@mtgmgr.local', 0), (46119, 'user46119', 'password', 'user46119@mtgmgr.local', 0), (46120, 'user46120', 'password', 'user46120@mtgmgr.local', 0), (46121, 'user46121', 'password', 'user46121@mtgmgr.local', 0), (46122, 'user46122', 'password', 'user46122@mtgmgr.local', 0), (46123, 'user46123', 'password', 'user46123@mtgmgr.local', 0), (46124, 'user46124', 'password', 'user46124@mtgmgr.local', 0), (46125, 'user46125', 'password', 'user46125@mtgmgr.local', 0), (46126, 'user46126', 'password', 'user46126@mtgmgr.local', 0), (46127, 'user46127', 'password', 'user46127@mtgmgr.local', 0), (46128, 'user46128', 'password', 'user46128@mtgmgr.local', 0), (46129, 'user46129', 'password', 'user46129@mtgmgr.local', 0), (46130, 'user46130', 'password', 'user46130@mtgmgr.local', 0), (46131, 'user46131', 'password', 'user46131@mtgmgr.local', 0), (46132, 'user46132', 'password', 'user46132@mtgmgr.local', 0), (46133, 'user46133', 'password', 'user46133@mtgmgr.local', 0), (46134, 'user46134', 'password', 'user46134@mtgmgr.local', 0), (46135, 'user46135', 'password', 'user46135@mtgmgr.local', 0), (46136, 'user46136', 'password', 'user46136@mtgmgr.local', 0), (46137, 'user46137', 'password', 'user46137@mtgmgr.local', 0), (46138, 'user46138', 'password', 'user46138@mtgmgr.local', 0), (46139, 'user46139', 'password', 'user46139@mtgmgr.local', 0), (46140, 'user46140', 'password', 'user46140@mtgmgr.local', 0), (46141, 'user46141', 'password', 'user46141@mtgmgr.local', 0), (46142, 'user46142', 'password', 'user46142@mtgmgr.local', 0), (46143, 'user46143', 'password', 'user46143@mtgmgr.local', 0), (46144, 'user46144', 'password', 'user46144@mtgmgr.local', 0), (46145, 'user46145', 'password', 'user46145@mtgmgr.local', 0), (46146, 'user46146', 'password', 'user46146@mtgmgr.local', 0), (46147, 'user46147', 'password', 'user46147@mtgmgr.local', 0), (46148, 'user46148', 'password', 'user46148@mtgmgr.local', 0), (46149, 'user46149', 'password', 'user46149@mtgmgr.local', 0), (46150, 'user46150', 'password', 'user46150@mtgmgr.local', 0), (46151, 'user46151', 'password', 'user46151@mtgmgr.local', 0), (46152, 'user46152', 'password', 'user46152@mtgmgr.local', 0), (46153, 'user46153', 'password', 'user46153@mtgmgr.local', 0), (46154, 'user46154', 'password', 'user46154@mtgmgr.local', 0), (46155, 'user46155', 'password', 'user46155@mtgmgr.local', 0), (46156, 'user46156', 'password', 'user46156@mtgmgr.local', 0), (46157, 'user46157', 'password', 'user46157@mtgmgr.local', 0), (46158, 'user46158', 'password', 'user46158@mtgmgr.local', 0), (46159, 'user46159', 'password', 'user46159@mtgmgr.local', 0), (46160, 'user46160', 'password', 'user46160@mtgmgr.local', 0), (46161, 'user46161', 'password', 'user46161@mtgmgr.local', 0), (46162, 'user46162', 'password', 'user46162@mtgmgr.local', 0), (46163, 'user46163', 'password', 'user46163@mtgmgr.local', 0), (46164, 'user46164', 'password', 'user46164@mtgmgr.local', 0), (46165, 'user46165', 'password', 'user46165@mtgmgr.local', 0), (46166, 'user46166', 'password', 'user46166@mtgmgr.local', 0), (46167, 'user46167', 'password', 'user46167@mtgmgr.local', 0), (46168, 'user46168', 'password', 'user46168@mtgmgr.local', 0), (46169, 'user46169', 'password', 'user46169@mtgmgr.local', 0), (46170, 'user46170', 'password', 'user46170@mtgmgr.local', 0), (46171, 'user46171', 'password', 'user46171@mtgmgr.local', 0), (46172, 'user46172', 'password', 'user46172@mtgmgr.local', 0), (46173, 'user46173', 'password', 'user46173@mtgmgr.local', 0), (46174, 'user46174', 'password', 'user46174@mtgmgr.local', 0), (46175, 'user46175', 'password', 'user46175@mtgmgr.local', 0), (46176, 'user46176', 'password', 'user46176@mtgmgr.local', 0), (46177, 'user46177', 'password', 'user46177@mtgmgr.local', 0), (46178, 'user46178', 'password', 'user46178@mtgmgr.local', 0), (46179, 'user46179', 'password', 'user46179@mtgmgr.local', 0), (46180, 'user46180', 'password', 'user46180@mtgmgr.local', 0), (46181, 'user46181', 'password', 'user46181@mtgmgr.local', 0), (46182, 'user46182', 'password', 'user46182@mtgmgr.local', 0), (46183, 'user46183', 'password', 'user46183@mtgmgr.local', 0), (46184, 'user46184', 'password', 'user46184@mtgmgr.local', 0), (46185, 'user46185', 'password', 'user46185@mtgmgr.local', 0), (46186, 'user46186', 'password', 'user46186@mtgmgr.local', 0), (46187, 'user46187', 'password', 'user46187@mtgmgr.local', 0), (46188, 'user46188', 'password', 'user46188@mtgmgr.local', 0), (46189, 'user46189', 'password', 'user46189@mtgmgr.local', 0), (46190, 'user46190', 'password', 'user46190@mtgmgr.local', 0), (46191, 'user46191', 'password', 'user46191@mtgmgr.local', 0), (46192, 'user46192', 'password', 'user46192@mtgmgr.local', 0), (46193, 'user46193', 'password', 'user46193@mtgmgr.local', 0), (46194, 'user46194', 'password', 'user46194@mtgmgr.local', 0), (46195, 'user46195', 'password', 'user46195@mtgmgr.local', 0), (46196, 'user46196', 'password', 'user46196@mtgmgr.local', 0), (46197, 'user46197', 'password', 'user46197@mtgmgr.local', 0), (46198, 'user46198', 'password', 'user46198@mtgmgr.local', 0), (46199, 'user46199', 'password', 'user46199@mtgmgr.local', 0), (46200, 'user46200', 'password', 'user46200@mtgmgr.local', 0), (46201, 'user46201', 'password', 'user46201@mtgmgr.local', 0), (46202, 'user46202', 'password', 'user46202@mtgmgr.local', 0), (46203, 'user46203', 'password', 'user46203@mtgmgr.local', 0), (46204, 'user46204', 'password', 'user46204@mtgmgr.local', 0), (46205, 'user46205', 'password', 'user46205@mtgmgr.local', 0), (46206, 'user46206', 'password', 'user46206@mtgmgr.local', 0), (46207, 'user46207', 'password', 'user46207@mtgmgr.local', 0), (46208, 'user46208', 'password', 'user46208@mtgmgr.local', 0), (46209, 'user46209', 'password', 'user46209@mtgmgr.local', 0), (46210, 'user46210', 'password', 'user46210@mtgmgr.local', 0), (46211, 'user46211', 'password', 'user46211@mtgmgr.local', 0), (46212, 'user46212', 'password', 'user46212@mtgmgr.local', 0), (46213, 'user46213', 'password', 'user46213@mtgmgr.local', 0), (46214, 'user46214', 'password', 'user46214@mtgmgr.local', 0), (46215, 'user46215', 'password', 'user46215@mtgmgr.local', 0), (46216, 'user46216', 'password', 'user46216@mtgmgr.local', 0), (46217, 'user46217', 'password', 'user46217@mtgmgr.local', 0), (46218, 'user46218', 'password', 'user46218@mtgmgr.local', 0), (46219, 'user46219', 'password', 'user46219@mtgmgr.local', 0), (46220, 'user46220', 'password', 'user46220@mtgmgr.local', 0), (46221, 'user46221', 'password', 'user46221@mtgmgr.local', 0), (46222, 'user46222', 'password', 'user46222@mtgmgr.local', 0), (46223, 'user46223', 'password', 'user46223@mtgmgr.local', 0), (46224, 'user46224', 'password', 'user46224@mtgmgr.local', 0), (46225, 'user46225', 'password', 'user46225@mtgmgr.local', 0), (46226, 'user46226', 'password', 'user46226@mtgmgr.local', 0), (46227, 'user46227', 'password', 'user46227@mtgmgr.local', 0), (46228, 'user46228', 'password', 'user46228@mtgmgr.local', 0), (46229, 'user46229', 'password', 'user46229@mtgmgr.local', 0), (46230, 'user46230', 'password', 'user46230@mtgmgr.local', 0), (46231, 'user46231', 'password', 'user46231@mtgmgr.local', 0), (46232, 'user46232', 'password', 'user46232@mtgmgr.local', 0), (46233, 'user46233', 'password', 'user46233@mtgmgr.local', 0), (46234, 'user46234', 'password', 'user46234@mtgmgr.local', 0), (46235, 'user46235', 'password', 'user46235@mtgmgr.local', 0), (46236, 'user46236', 'password', 'user46236@mtgmgr.local', 0), (46237, 'user46237', 'password', 'user46237@mtgmgr.local', 0), (46238, 'user46238', 'password', 'user46238@mtgmgr.local', 0), (46239, 'user46239', 'password', 'user46239@mtgmgr.local', 0), (46240, 'user46240', 'password', 'user46240@mtgmgr.local', 0), (46241, 'user46241', 'password', 'user46241@mtgmgr.local', 0), (46242, 'user46242', 'password', 'user46242@mtgmgr.local', 0), (46243, 'user46243', 'password', 'user46243@mtgmgr.local', 0), (46244, 'user46244', 'password', 'user46244@mtgmgr.local', 0), (46245, 'user46245', 'password', 'user46245@mtgmgr.local', 0), (46246, 'user46246', 'password', 'user46246@mtgmgr.local', 0), (46247, 'user46247', 'password', 'user46247@mtgmgr.local', 0), (46248, 'user46248', 'password', 'user46248@mtgmgr.local', 0), (46249, 'user46249', 'password', 'user46249@mtgmgr.local', 0), (46250, 'user46250', 'password', 'user46250@mtgmgr.local', 0), (46251, 'user46251', 'password', 'user46251@mtgmgr.local', 0), (46252, 'user46252', 'password', 'user46252@mtgmgr.local', 0), (46253, 'user46253', 'password', 'user46253@mtgmgr.local', 0), (46254, 'user46254', 'password', 'user46254@mtgmgr.local', 0), (46255, 'user46255', 'password', 'user46255@mtgmgr.local', 0), (46256, 'user46256', 'password', 'user46256@mtgmgr.local', 0), (46257, 'user46257', 'password', 'user46257@mtgmgr.local', 0), (46258, 'user46258', 'password', 'user46258@mtgmgr.local', 0), (46259, 'user46259', 'password', 'user46259@mtgmgr.local', 0), (46260, 'user46260', 'password', 'user46260@mtgmgr.local', 0), (46261, 'user46261', 'password', 'user46261@mtgmgr.local', 0), (46262, 'user46262', 'password', 'user46262@mtgmgr.local', 0), (46263, 'user46263', 'password', 'user46263@mtgmgr.local', 0), (46264, 'user46264', 'password', 'user46264@mtgmgr.local', 0), (46265, 'user46265', 'password', 'user46265@mtgmgr.local', 0), (46266, 'user46266', 'password', 'user46266@mtgmgr.local', 0), (46267, 'user46267', 'password', 'user46267@mtgmgr.local', 0), (46268, 'user46268', 'password', 'user46268@mtgmgr.local', 0), (46269, 'user46269', 'password', 'user46269@mtgmgr.local', 0), (46270, 'user46270', 'password', 'user46270@mtgmgr.local', 0), (46271, 'user46271', 'password', 'user46271@mtgmgr.local', 0), (46272, 'user46272', 'password', 'user46272@mtgmgr.local', 0), (46273, 'user46273', 'password', 'user46273@mtgmgr.local', 0), (46274, 'user46274', 'password', 'user46274@mtgmgr.local', 0), (46275, 'user46275', 'password', 'user46275@mtgmgr.local', 0), (46276, 'user46276', 'password', 'user46276@mtgmgr.local', 0), (46277, 'user46277', 'password', 'user46277@mtgmgr.local', 0), (46278, 'user46278', 'password', 'user46278@mtgmgr.local', 0), (46279, 'user46279', 'password', 'user46279@mtgmgr.local', 0), (46280, 'user46280', 'password', 'user46280@mtgmgr.local', 0), (46281, 'user46281', 'password', 'user46281@mtgmgr.local', 0), (46282, 'user46282', 'password', 'user46282@mtgmgr.local', 0), (46283, 'user46283', 'password', 'user46283@mtgmgr.local', 0), (46284, 'user46284', 'password', 'user46284@mtgmgr.local', 0), (46285, 'user46285', 'password', 'user46285@mtgmgr.local', 0), (46286, 'user46286', 'password', 'user46286@mtgmgr.local', 0), (46287, 'user46287', 'password', 'user46287@mtgmgr.local', 0), (46288, 'user46288', 'password', 'user46288@mtgmgr.local', 0), (46289, 'user46289', 'password', 'user46289@mtgmgr.local', 0), (46290, 'user46290', 'password', 'user46290@mtgmgr.local', 0), (46291, 'user46291', 'password', 'user46291@mtgmgr.local', 0), (46292, 'user46292', 'password', 'user46292@mtgmgr.local', 0), (46293, 'user46293', 'password', 'user46293@mtgmgr.local', 0), (46294, 'user46294', 'password', 'user46294@mtgmgr.local', 0), (46295, 'user46295', 'password', 'user46295@mtgmgr.local', 0), (46296, 'user46296', 'password', 'user46296@mtgmgr.local', 0), (46297, 'user46297', 'password', 'user46297@mtgmgr.local', 0), (46298, 'user46298', 'password', 'user46298@mtgmgr.local', 0), (46299, 'user46299', 'password', 'user46299@mtgmgr.local', 0), (46300, 'user46300', 'password', 'user46300@mtgmgr.local', 0), (46301, 'user46301', 'password', 'user46301@mtgmgr.local', 0), (46302, 'user46302', 'password', 'user46302@mtgmgr.local', 0), (46303, 'user46303', 'password', 'user46303@mtgmgr.local', 0), (46304, 'user46304', 'password', 'user46304@mtgmgr.local', 0), (46305, 'user46305', 'password', 'user46305@mtgmgr.local', 0), (46306, 'user46306', 'password', 'user46306@mtgmgr.local', 0), (46307, 'user46307', 'password', 'user46307@mtgmgr.local', 0), (46308, 'user46308', 'password', 'user46308@mtgmgr.local', 0), (46309, 'user46309', 'password', 'user46309@mtgmgr.local', 0), (46310, 'user46310', 'password', 'user46310@mtgmgr.local', 0), (46311, 'user46311', 'password', 'user46311@mtgmgr.local', 0), (46312, 'user46312', 'password', 'user46312@mtgmgr.local', 0), (46313, 'user46313', 'password', 'user46313@mtgmgr.local', 0), (46314, 'user46314', 'password', 'user46314@mtgmgr.local', 0), (46315, 'user46315', 'password', 'user46315@mtgmgr.local', 0), (46316, 'user46316', 'password', 'user46316@mtgmgr.local', 0), (46317, 'user46317', 'password', 'user46317@mtgmgr.local', 0), (46318, 'user46318', 'password', 'user46318@mtgmgr.local', 0), (46319, 'user46319', 'password', 'user46319@mtgmgr.local', 0), (46320, 'user46320', 'password', 'user46320@mtgmgr.local', 0), (46321, 'user46321', 'password', 'user46321@mtgmgr.local', 0), (46322, 'user46322', 'password', 'user46322@mtgmgr.local', 0), (46323, 'user46323', 'password', 'user46323@mtgmgr.local', 0), (46324, 'user46324', 'password', 'user46324@mtgmgr.local', 0), (46325, 'user46325', 'password', 'user46325@mtgmgr.local', 0), (46326, 'user46326', 'password', 'user46326@mtgmgr.local', 0), (46327, 'user46327', 'password', 'user46327@mtgmgr.local', 0), (46328, 'user46328', 'password', 'user46328@mtgmgr.local', 0), (46329, 'user46329', 'password', 'user46329@mtgmgr.local', 0), (46330, 'user46330', 'password', 'user46330@mtgmgr.local', 0), (46331, 'user46331', 'password', 'user46331@mtgmgr.local', 0), (46332, 'user46332', 'password', 'user46332@mtgmgr.local', 0), (46333, 'user46333', 'password', 'user46333@mtgmgr.local', 0), (46334, 'user46334', 'password', 'user46334@mtgmgr.local', 0), (46335, 'user46335', 'password', 'user46335@mtgmgr.local', 0), (46336, 'user46336', 'password', 'user46336@mtgmgr.local', 0), (46337, 'user46337', 'password', 'user46337@mtgmgr.local', 0), (46338, 'user46338', 'password', 'user46338@mtgmgr.local', 0), (46339, 'user46339', 'password', 'user46339@mtgmgr.local', 0), (46340, 'user46340', 'password', 'user46340@mtgmgr.local', 0), (46341, 'user46341', 'password', 'user46341@mtgmgr.local', 0), (46342, 'user46342', 'password', 'user46342@mtgmgr.local', 0), (46343, 'user46343', 'password', 'user46343@mtgmgr.local', 0), (46344, 'user46344', 'password', 'user46344@mtgmgr.local', 0), (46345, 'user46345', 'password', 'user46345@mtgmgr.local', 0), (46346, 'user46346', 'password', 'user46346@mtgmgr.local', 0), (46347, 'user46347', 'password', 'user46347@mtgmgr.local', 0), (46348, 'user46348', 'password', 'user46348@mtgmgr.local', 0), (46349, 'user46349', 'password', 'user46349@mtgmgr.local', 0), (46350, 'user46350', 'password', 'user46350@mtgmgr.local', 0), (46351, 'user46351', 'password', 'user46351@mtgmgr.local', 0), (46352, 'user46352', 'password', 'user46352@mtgmgr.local', 0), (46353, 'user46353', 'password', 'user46353@mtgmgr.local', 0), (46354, 'user46354', 'password', 'user46354@mtgmgr.local', 0), (46355, 'user46355', 'password', 'user46355@mtgmgr.local', 0), (46356, 'user46356', 'password', 'user46356@mtgmgr.local', 0), (46357, 'user46357', 'password', 'user46357@mtgmgr.local', 0), (46358, 'user46358', 'password', 'user46358@mtgmgr.local', 0), (46359, 'user46359', 'password', 'user46359@mtgmgr.local', 0), (46360, 'user46360', 'password', 'user46360@mtgmgr.local', 0), (46361, 'user46361', 'password', 'user46361@mtgmgr.local', 0), (46362, 'user46362', 'password', 'user46362@mtgmgr.local', 0), (46363, 'user46363', 'password', 'user46363@mtgmgr.local', 0), (46364, 'user46364', 'password', 'user46364@mtgmgr.local', 0), (46365, 'user46365', 'password', 'user46365@mtgmgr.local', 0), (46366, 'user46366', 'password', 'user46366@mtgmgr.local', 0), (46367, 'user46367', 'password', 'user46367@mtgmgr.local', 0), (46368, 'user46368', 'password', 'user46368@mtgmgr.local', 0), (46369, 'user46369', 'password', 'user46369@mtgmgr.local', 0), (46370, 'user46370', 'password', 'user46370@mtgmgr.local', 0), (46371, 'user46371', 'password', 'user46371@mtgmgr.local', 0), (46372, 'user46372', 'password', 'user46372@mtgmgr.local', 0), (46373, 'user46373', 'password', 'user46373@mtgmgr.local', 0), (46374, 'user46374', 'password', 'user46374@mtgmgr.local', 0), (46375, 'user46375', 'password', 'user46375@mtgmgr.local', 0), (46376, 'user46376', 'password', 'user46376@mtgmgr.local', 0), (46377, 'user46377', 'password', 'user46377@mtgmgr.local', 0), (46378, 'user46378', 'password', 'user46378@mtgmgr.local', 0), (46379, 'user46379', 'password', 'user46379@mtgmgr.local', 0), (46380, 'user46380', 'password', 'user46380@mtgmgr.local', 0), (46381, 'user46381', 'password', 'user46381@mtgmgr.local', 0), (46382, 'user46382', 'password', 'user46382@mtgmgr.local', 0), (46383, 'user46383', 'password', 'user46383@mtgmgr.local', 0), (46384, 'user46384', 'password', 'user46384@mtgmgr.local', 0), (46385, 'user46385', 'password', 'user46385@mtgmgr.local', 0), (46386, 'user46386', 'password', 'user46386@mtgmgr.local', 0), (46387, 'user46387', 'password', 'user46387@mtgmgr.local', 0), (46388, 'user46388', 'password', 'user46388@mtgmgr.local', 0), (46389, 'user46389', 'password', 'user46389@mtgmgr.local', 0), (46390, 'user46390', 'password', 'user46390@mtgmgr.local', 0), (46391, 'user46391', 'password', 'user46391@mtgmgr.local', 0), (46392, 'user46392', 'password', 'user46392@mtgmgr.local', 0), (46393, 'user46393', 'password', 'user46393@mtgmgr.local', 0), (46394, 'user46394', 'password', 'user46394@mtgmgr.local', 0), (46395, 'user46395', 'password', 'user46395@mtgmgr.local', 0), (46396, 'user46396', 'password', 'user46396@mtgmgr.local', 0), (46397, 'user46397', 'password', 'user46397@mtgmgr.local', 0), (46398, 'user46398', 'password', 'user46398@mtgmgr.local', 0), (46399, 'user46399', 'password', 'user46399@mtgmgr.local', 0), (46400, 'user46400', 'password', 'user46400@mtgmgr.local', 0), (46401, 'user46401', 'password', 'user46401@mtgmgr.local', 0), (46402, 'user46402', 'password', 'user46402@mtgmgr.local', 0), (46403, 'user46403', 'password', 'user46403@mtgmgr.local', 0), (46404, 'user46404', 'password', 'user46404@mtgmgr.local', 0), (46405, 'user46405', 'password', 'user46405@mtgmgr.local', 0), (46406, 'user46406', 'password', 'user46406@mtgmgr.local', 0), (46407, 'user46407', 'password', 'user46407@mtgmgr.local', 0), (46408, 'user46408', 'password', 'user46408@mtgmgr.local', 0), (46409, 'user46409', 'password', 'user46409@mtgmgr.local', 0), (46410, 'user46410', 'password', 'user46410@mtgmgr.local', 0), (46411, 'user46411', 'password', 'user46411@mtgmgr.local', 0), (46412, 'user46412', 'password', 'user46412@mtgmgr.local', 0), (46413, 'user46413', 'password', 'user46413@mtgmgr.local', 0), (46414, 'user46414', 'password', 'user46414@mtgmgr.local', 0), (46415, 'user46415', 'password', 'user46415@mtgmgr.local', 0), (46416, 'user46416', 'password', 'user46416@mtgmgr.local', 0), (46417, 'user46417', 'password', 'user46417@mtgmgr.local', 0), (46418, 'user46418', 'password', 'user46418@mtgmgr.local', 0), (46419, 'user46419', 'password', 'user46419@mtgmgr.local', 0), (46420, 'user46420', 'password', 'user46420@mtgmgr.local', 0), (46421, 'user46421', 'password', 'user46421@mtgmgr.local', 0), (46422, 'user46422', 'password', 'user46422@mtgmgr.local', 0), (46423, 'user46423', 'password', 'user46423@mtgmgr.local', 0), (46424, 'user46424', 'password', 'user46424@mtgmgr.local', 0), (46425, 'user46425', 'password', 'user46425@mtgmgr.local', 0), (46426, 'user46426', 'password', 'user46426@mtgmgr.local', 0), (46427, 'user46427', 'password', 'user46427@mtgmgr.local', 0), (46428, 'user46428', 'password', 'user46428@mtgmgr.local', 0), (46429, 'user46429', 'password', 'user46429@mtgmgr.local', 0), (46430, 'user46430', 'password', 'user46430@mtgmgr.local', 0), (46431, 'user46431', 'password', 'user46431@mtgmgr.local', 0), (46432, 'user46432', 'password', 'user46432@mtgmgr.local', 0), (46433, 'user46433', 'password', 'user46433@mtgmgr.local', 0), (46434, 'user46434', 'password', 'user46434@mtgmgr.local', 0), (46435, 'user46435', 'password', 'user46435@mtgmgr.local', 0), (46436, 'user46436', 'password', 'user46436@mtgmgr.local', 0), (46437, 'user46437', 'password', 'user46437@mtgmgr.local', 0), (46438, 'user46438', 'password', 'user46438@mtgmgr.local', 0), (46439, 'user46439', 'password', 'user46439@mtgmgr.local', 0), (46440, 'user46440', 'password', 'user46440@mtgmgr.local', 0), (46441, 'user46441', 'password', 'user46441@mtgmgr.local', 0), (46442, 'user46442', 'password', 'user46442@mtgmgr.local', 0), (46443, 'user46443', 'password', 'user46443@mtgmgr.local', 0), (46444, 'user46444', 'password', 'user46444@mtgmgr.local', 0), (46445, 'user46445', 'password', 'user46445@mtgmgr.local', 0), (46446, 'user46446', 'password', 'user46446@mtgmgr.local', 0), (46447, 'user46447', 'password', 'user46447@mtgmgr.local', 0), (46448, 'user46448', 'password', 'user46448@mtgmgr.local', 0), (46449, 'user46449', 'password', 'user46449@mtgmgr.local', 0), (46450, 'user46450', 'password', 'user46450@mtgmgr.local', 0), (46451, 'user46451', 'password', 'user46451@mtgmgr.local', 0), (46452, 'user46452', 'password', 'user46452@mtgmgr.local', 0), (46453, 'user46453', 'password', 'user46453@mtgmgr.local', 0), (46454, 'user46454', 'password', 'user46454@mtgmgr.local', 0), (46455, 'user46455', 'password', 'user46455@mtgmgr.local', 0), (46456, 'user46456', 'password', 'user46456@mtgmgr.local', 0), (46457, 'user46457', 'password', 'user46457@mtgmgr.local', 0), (46458, 'user46458', 'password', 'user46458@mtgmgr.local', 0), (46459, 'user46459', 'password', 'user46459@mtgmgr.local', 0), (46460, 'user46460', 'password', 'user46460@mtgmgr.local', 0), (46461, 'user46461', 'password', 'user46461@mtgmgr.local', 0), (46462, 'user46462', 'password', 'user46462@mtgmgr.local', 0), (46463, 'user46463', 'password', 'user46463@mtgmgr.local', 0), (46464, 'user46464', 'password', 'user46464@mtgmgr.local', 0), (46465, 'user46465', 'password', 'user46465@mtgmgr.local', 0), (46466, 'user46466', 'password', 'user46466@mtgmgr.local', 0), (46467, 'user46467', 'password', 'user46467@mtgmgr.local', 0), (46468, 'user46468', 'password', 'user46468@mtgmgr.local', 0), (46469, 'user46469', 'password', 'user46469@mtgmgr.local', 0), (46470, 'user46470', 'password', 'user46470@mtgmgr.local', 0), (46471, 'user46471', 'password', 'user46471@mtgmgr.local', 0), (46472, 'user46472', 'password', 'user46472@mtgmgr.local', 0), (46473, 'user46473', 'password', 'user46473@mtgmgr.local', 0), (46474, 'user46474', 'password', 'user46474@mtgmgr.local', 0), (46475, 'user46475', 'password', 'user46475@mtgmgr.local', 0), (46476, 'user46476', 'password', 'user46476@mtgmgr.local', 0), (46477, 'user46477', 'password', 'user46477@mtgmgr.local', 0), (46478, 'user46478', 'password', 'user46478@mtgmgr.local', 0), (46479, 'user46479', 'password', 'user46479@mtgmgr.local', 0), (46480, 'user46480', 'password', 'user46480@mtgmgr.local', 0), (46481, 'user46481', 'password', 'user46481@mtgmgr.local', 0), (46482, 'user46482', 'password', 'user46482@mtgmgr.local', 0), (46483, 'user46483', 'password', 'user46483@mtgmgr.local', 0), (46484, 'user46484', 'password', 'user46484@mtgmgr.local', 0), (46485, 'user46485', 'password', 'user46485@mtgmgr.local', 0), (46486, 'user46486', 'password', 'user46486@mtgmgr.local', 0), (46487, 'user46487', 'password', 'user46487@mtgmgr.local', 0), (46488, 'user46488', 'password', 'user46488@mtgmgr.local', 0), (46489, 'user46489', 'password', 'user46489@mtgmgr.local', 0), (46490, 'user46490', 'password', 'user46490@mtgmgr.local', 0), (46491, 'user46491', 'password', 'user46491@mtgmgr.local', 0), (46492, 'user46492', 'password', 'user46492@mtgmgr.local', 0), (46493, 'user46493', 'password', 'user46493@mtgmgr.local', 0), (46494, 'user46494', 'password', 'user46494@mtgmgr.local', 0), (46495, 'user46495', 'password', 'user46495@mtgmgr.local', 0), (46496, 'user46496', 'password', 'user46496@mtgmgr.local', 0), (46497, 'user46497', 'password', 'user46497@mtgmgr.local', 0), (46498, 'user46498', 'password', 'user46498@mtgmgr.local', 0), (46499, 'user46499', 'password', 'user46499@mtgmgr.local', 0), (46500, 'user46500', 'password', 'user46500@mtgmgr.local', 0), (46501, 'user46501', 'password', 'user46501@mtgmgr.local', 0), (46502, 'user46502', 'password', 'user46502@mtgmgr.local', 0), (46503, 'user46503', 'password', 'user46503@mtgmgr.local', 0), (46504, 'user46504', 'password', 'user46504@mtgmgr.local', 0), (46505, 'user46505', 'password', 'user46505@mtgmgr.local', 0), (46506, 'user46506', 'password', 'user46506@mtgmgr.local', 0), (46507, 'user46507', 'password', 'user46507@mtgmgr.local', 0), (46508, 'user46508', 'password', 'user46508@mtgmgr.local', 0), (46509, 'user46509', 'password', 'user46509@mtgmgr.local', 0), (46510, 'user46510', 'password', 'user46510@mtgmgr.local', 0), (46511, 'user46511', 'password', 'user46511@mtgmgr.local', 0), (46512, 'user46512', 'password', 'user46512@mtgmgr.local', 0), (46513, 'user46513', 'password', 'user46513@mtgmgr.local', 0), (46514, 'user46514', 'password', 'user46514@mtgmgr.local', 0), (46515, 'user46515', 'password', 'user46515@mtgmgr.local', 0), (46516, 'user46516', 'password', 'user46516@mtgmgr.local', 0), (46517, 'user46517', 'password', 'user46517@mtgmgr.local', 0), (46518, 'user46518', 'password', 'user46518@mtgmgr.local', 0), (46519, 'user46519', 'password', 'user46519@mtgmgr.local', 0), (46520, 'user46520', 'password', 'user46520@mtgmgr.local', 0), (46521, 'user46521', 'password', 'user46521@mtgmgr.local', 0), (46522, 'user46522', 'password', 'user46522@mtgmgr.local', 0), (46523, 'user46523', 'password', 'user46523@mtgmgr.local', 0), (46524, 'user46524', 'password', 'user46524@mtgmgr.local', 0), (46525, 'user46525', 'password', 'user46525@mtgmgr.local', 0), (46526, 'user46526', 'password', 'user46526@mtgmgr.local', 0), (46527, 'user46527', 'password', 'user46527@mtgmgr.local', 0), (46528, 'user46528', 'password', 'user46528@mtgmgr.local', 0), (46529, 'user46529', 'password', 'user46529@mtgmgr.local', 0), (46530, 'user46530', 'password', 'user46530@mtgmgr.local', 0), (46531, 'user46531', 'password', 'user46531@mtgmgr.local', 0), (46532, 'user46532', 'password', 'user46532@mtgmgr.local', 0), (46533, 'user46533', 'password', 'user46533@mtgmgr.local', 0), (46534, 'user46534', 'password', 'user46534@mtgmgr.local', 0), (46535, 'user46535', 'password', 'user46535@mtgmgr.local', 0), (46536, 'user46536', 'password', 'user46536@mtgmgr.local', 0), (46537, 'user46537', 'password', 'user46537@mtgmgr.local', 0), (46538, 'user46538', 'password', 'user46538@mtgmgr.local', 0), (46539, 'user46539', 'password', 'user46539@mtgmgr.local', 0), (46540, 'user46540', 'password', 'user46540@mtgmgr.local', 0), (46541, 'user46541', 'password', 'user46541@mtgmgr.local', 0), (46542, 'user46542', 'password', 'user46542@mtgmgr.local', 0), (46543, 'user46543', 'password', 'user46543@mtgmgr.local', 0), (46544, 'user46544', 'password', 'user46544@mtgmgr.local', 0), (46545, 'user46545', 'password', 'user46545@mtgmgr.local', 0), (46546, 'user46546', 'password', 'user46546@mtgmgr.local', 0), (46547, 'user46547', 'password', 'user46547@mtgmgr.local', 0), (46548, 'user46548', 'password', 'user46548@mtgmgr.local', 0), (46549, 'user46549', 'password', 'user46549@mtgmgr.local', 0), (46550, 'user46550', 'password', 'user46550@mtgmgr.local', 0), (46551, 'user46551', 'password', 'user46551@mtgmgr.local', 0), (46552, 'user46552', 'password', 'user46552@mtgmgr.local', 0), (46553, 'user46553', 'password', 'user46553@mtgmgr.local', 0), (46554, 'user46554', 'password', 'user46554@mtgmgr.local', 0), (46555, 'user46555', 'password', 'user46555@mtgmgr.local', 0), (46556, 'user46556', 'password', 'user46556@mtgmgr.local', 0), (46557, 'user46557', 'password', 'user46557@mtgmgr.local', 0), (46558, 'user46558', 'password', 'user46558@mtgmgr.local', 0), (46559, 'user46559', 'password', 'user46559@mtgmgr.local', 0), (46560, 'user46560', 'password', 'user46560@mtgmgr.local', 0), (46561, 'user46561', 'password', 'user46561@mtgmgr.local', 0), (46562, 'user46562', 'password', 'user46562@mtgmgr.local', 0), (46563, 'user46563', 'password', 'user46563@mtgmgr.local', 0), (46564, 'user46564', 'password', 'user46564@mtgmgr.local', 0), (46565, 'user46565', 'password', 'user46565@mtgmgr.local', 0), (46566, 'user46566', 'password', 'user46566@mtgmgr.local', 0), (46567, 'user46567', 'password', 'user46567@mtgmgr.local', 0), (46568, 'user46568', 'password', 'user46568@mtgmgr.local', 0), (46569, 'user46569', 'password', 'user46569@mtgmgr.local', 0), (46570, 'user46570', 'password', 'user46570@mtgmgr.local', 0), (46571, 'user46571', 'password', 'user46571@mtgmgr.local', 0), (46572, 'user46572', 'password', 'user46572@mtgmgr.local', 0), (46573, 'user46573', 'password', 'user46573@mtgmgr.local', 0), (46574, 'user46574', 'password', 'user46574@mtgmgr.local', 0), (46575, 'user46575', 'password', 'user46575@mtgmgr.local', 0), (46576, 'user46576', 'password', 'user46576@mtgmgr.local', 0), (46577, 'user46577', 'password', 'user46577@mtgmgr.local', 0), (46578, 'user46578', 'password', 'user46578@mtgmgr.local', 0), (46579, 'user46579', 'password', 'user46579@mtgmgr.local', 0), (46580, 'user46580', 'password', 'user46580@mtgmgr.local', 0), (46581, 'user46581', 'password', 'user46581@mtgmgr.local', 0), (46582, 'user46582', 'password', 'user46582@mtgmgr.local', 0), (46583, 'user46583', 'password', 'user46583@mtgmgr.local', 0), (46584, 'user46584', 'password', 'user46584@mtgmgr.local', 0), (46585, 'user46585', 'password', 'user46585@mtgmgr.local', 0), (46586, 'user46586', 'password', 'user46586@mtgmgr.local', 0), (46587, 'user46587', 'password', 'user46587@mtgmgr.local', 0), (46588, 'user46588', 'password', 'user46588@mtgmgr.local', 0), (46589, 'user46589', 'password', 'user46589@mtgmgr.local', 0), (46590, 'user46590', 'password', 'user46590@mtgmgr.local', 0), (46591, 'user46591', 'password', 'user46591@mtgmgr.local', 0), (46592, 'user46592', 'password', 'user46592@mtgmgr.local', 0), (46593, 'user46593', 'password', 'user46593@mtgmgr.local', 0), (46594, 'user46594', 'password', 'user46594@mtgmgr.local', 0), (46595, 'user46595', 'password', 'user46595@mtgmgr.local', 0), (46596, 'user46596', 'password', 'user46596@mtgmgr.local', 0), (46597, 'user46597', 'password', 'user46597@mtgmgr.local', 0), (46598, 'user46598', 'password', 'user46598@mtgmgr.local', 0), (46599, 'user46599', 'password', 'user46599@mtgmgr.local', 0), (46600, 'user46600', 'password', 'user46600@mtgmgr.local', 0), (46601, 'user46601', 'password', 'user46601@mtgmgr.local', 0), (46602, 'user46602', 'password', 'user46602@mtgmgr.local', 0), (46603, 'user46603', 'password', 'user46603@mtgmgr.local', 0), (46604, 'user46604', 'password', 'user46604@mtgmgr.local', 0), (46605, 'user46605', 'password', 'user46605@mtgmgr.local', 0), (46606, 'user46606', 'password', 'user46606@mtgmgr.local', 0), (46607, 'user46607', 'password', 'user46607@mtgmgr.local', 0), (46608, 'user46608', 'password', 'user46608@mtgmgr.local', 0), (46609, 'user46609', 'password', 'user46609@mtgmgr.local', 0), (46610, 'user46610', 'password', 'user46610@mtgmgr.local', 0), (46611, 'user46611', 'password', 'user46611@mtgmgr.local', 0), (46612, 'user46612', 'password', 'user46612@mtgmgr.local', 0), (46613, 'user46613', 'password', 'user46613@mtgmgr.local', 0), (46614, 'user46614', 'password', 'user46614@mtgmgr.local', 0), (46615, 'user46615', 'password', 'user46615@mtgmgr.local', 0), (46616, 'user46616', 'password', 'user46616@mtgmgr.local', 0), (46617, 'user46617', 'password', 'user46617@mtgmgr.local', 0), (46618, 'user46618', 'password', 'user46618@mtgmgr.local', 0), (46619, 'user46619', 'password', 'user46619@mtgmgr.local', 0), (46620, 'user46620', 'password', 'user46620@mtgmgr.local', 0), (46621, 'user46621', 'password', 'user46621@mtgmgr.local', 0), (46622, 'user46622', 'password', 'user46622@mtgmgr.local', 0), (46623, 'user46623', 'password', 'user46623@mtgmgr.local', 0), (46624, 'user46624', 'password', 'user46624@mtgmgr.local', 0), (46625, 'user46625', 'password', 'user46625@mtgmgr.local', 0), (46626, 'user46626', 'password', 'user46626@mtgmgr.local', 0), (46627, 'user46627', 'password', 'user46627@mtgmgr.local', 0), (46628, 'user46628', 'password', 'user46628@mtgmgr.local', 0), (46629, 'user46629', 'password', 'user46629@mtgmgr.local', 0), (46630, 'user46630', 'password', 'user46630@mtgmgr.local', 0), (46631, 'user46631', 'password', 'user46631@mtgmgr.local', 0), (46632, 'user46632', 'password', 'user46632@mtgmgr.local', 0), (46633, 'user46633', 'password', 'user46633@mtgmgr.local', 0), (46634, 'user46634', 'password', 'user46634@mtgmgr.local', 0), (46635, 'user46635', 'password', 'user46635@mtgmgr.local', 0), (46636, 'user46636', 'password', 'user46636@mtgmgr.local', 0), (46637, 'user46637', 'password', 'user46637@mtgmgr.local', 0), (46638, 'user46638', 'password', 'user46638@mtgmgr.local', 0), (46639, 'user46639', 'password', 'user46639@mtgmgr.local', 0), (46640, 'user46640', 'password', 'user46640@mtgmgr.local', 0), (46641, 'user46641', 'password', 'user46641@mtgmgr.local', 0), (46642, 'user46642', 'password', 'user46642@mtgmgr.local', 0), (46643, 'user46643', 'password', 'user46643@mtgmgr.local', 0), (46644, 'user46644', 'password', 'user46644@mtgmgr.local', 0), (46645, 'user46645', 'password', 'user46645@mtgmgr.local', 0), (46646, 'user46646', 'password', 'user46646@mtgmgr.local', 0), (46647, 'user46647', 'password', 'user46647@mtgmgr.local', 0), (46648, 'user46648', 'password', 'user46648@mtgmgr.local', 0), (46649, 'user46649', 'password', 'user46649@mtgmgr.local', 0), (46650, 'user46650', 'password', 'user46650@mtgmgr.local', 0), (46651, 'user46651', 'password', 'user46651@mtgmgr.local', 0), (46652, 'user46652', 'password', 'user46652@mtgmgr.local', 0), (46653, 'user46653', 'password', 'user46653@mtgmgr.local', 0), (46654, 'user46654', 'password', 'user46654@mtgmgr.local', 0), (46655, 'user46655', 'password', 'user46655@mtgmgr.local', 0), (46656, 'user46656', 'password', 'user46656@mtgmgr.local', 0), (46657, 'user46657', 'password', 'user46657@mtgmgr.local', 0), (46658, 'user46658', 'password', 'user46658@mtgmgr.local', 0), (46659, 'user46659', 'password', 'user46659@mtgmgr.local', 0), (46660, 'user46660', 'password', 'user46660@mtgmgr.local', 0), (46661, 'user46661', 'password', 'user46661@mtgmgr.local', 0), (46662, 'user46662', 'password', 'user46662@mtgmgr.local', 0), (46663, 'user46663', 'password', 'user46663@mtgmgr.local', 0), (46664, 'user46664', 'password', 'user46664@mtgmgr.local', 0), (46665, 'user46665', 'password', 'user46665@mtgmgr.local', 0), (46666, 'user46666', 'password', 'user46666@mtgmgr.local', 0), (46667, 'user46667', 'password', 'user46667@mtgmgr.local', 0), (46668, 'user46668', 'password', 'user46668@mtgmgr.local', 0), (46669, 'user46669', 'password', 'user46669@mtgmgr.local', 0), (46670, 'user46670', 'password', 'user46670@mtgmgr.local', 0), (46671, 'user46671', 'password', 'user46671@mtgmgr.local', 0), (46672, 'user46672', 'password', 'user46672@mtgmgr.local', 0), (46673, 'user46673', 'password', 'user46673@mtgmgr.local', 0), (46674, 'user46674', 'password', 'user46674@mtgmgr.local', 0), (46675, 'user46675', 'password', 'user46675@mtgmgr.local', 0), (46676, 'user46676', 'password', 'user46676@mtgmgr.local', 0), (46677, 'user46677', 'password', 'user46677@mtgmgr.local', 0), (46678, 'user46678', 'password', 'user46678@mtgmgr.local', 0);
/*!40000 ALTER TABLE `user_directory` ENABLE KEYS */;


# Dumping structure for table meetingmanager.user_group_membership
CREATE TABLE IF NOT EXISTS `user_group_membership` (
  `USERID` int(15) unsigned NOT NULL,
  `GROUPID` int(15) unsigned NOT NULL,
  PRIMARY KEY (`USERID`,`GROUPID`),
  UNIQUE KEY `USERID_GROUPID` (`USERID`,`GROUPID`),
  KEY `FK_user_group_membership_GROUPID` (`GROUPID`),
  KEY `FK_user_group_membership_USERID` (`USERID`),
  CONSTRAINT `FK_user_group_membership_GROUPID` FOREIGN KEY (`GROUPID`) REFERENCES `group_list` (`GROUPID`) ON DELETE CASCADE ON UPDATE CASCADE,
  CONSTRAINT `FK_user_group_membership_USERID` FOREIGN KEY (`USERID`) REFERENCES `user_directory` (`USERID`) ON DELETE CASCADE ON UPDATE CASCADE
) ENGINE=InnoDB DEFAULT CHARSET=utf8 COLLATE=utf8_bin;

# Dumping data for table meetingmanager.user_group_membership: 325 rows
/*!40000 ALTER TABLE `user_group_membership` DISABLE KEYS */;
INSERT INTO `user_group_membership` (`USERID`, `GROUPID`) VALUES (12345, 1000), (23456, 1000), (34567, 1000), (45680, 1000), (45681, 1000), (45682, 1000), (45684, 1000), (45686, 1000), (45687, 1000), (45690, 1000), (45693, 1000), (45702, 1000), (45704, 1000), (45705, 1000), (45706, 1000), (45708, 1000), (45711, 1000), (45713, 1000), (45714, 1000), (45715, 1000), (45716, 1000), (45718, 1000), (45719, 1000), (45721, 1000), (45723, 1000), (45724, 1000), (45725, 1000), (45726, 1000), (45727, 1000), (45728, 1000), (45730, 1000), (45731, 1000), (45733, 1000), (45734, 1000), (45735, 1000), (45740, 1000), (45743, 1000), (45745, 1000), (45746, 1000), (45747, 1000), (45748, 1000), (45749, 1000), (45751, 1000), (45753, 1000), (45755, 1000), (45756, 1000), (45760, 1000), (45761, 1000), (45766, 1000), (45768, 1000), (45771, 1000), (45773, 1000), (45774, 1000), (45776, 1000), (45777, 1000), (45778, 1000), (12345, 2000), (45678, 2000), (45679, 2000), (45683, 2000), (45685, 2000), (45688, 2000), (45689, 2000), (45691, 2000), (45692, 2000), (45694, 2000), (45695, 2000), (45696, 2000), (45697, 2000), (45698, 2000), (45699, 2000), (45700, 2000), (45701, 2000), (45703, 2000), (45707, 2000), (45709, 2000), (45710, 2000), (45712, 2000), (45717, 2000), (45720, 2000), (45722, 2000), (45729, 2000), (45732, 2000), (45736, 2000), (45737, 2000), (45738, 2000), (45739, 2000), (45741, 2000), (45742, 2000), (45744, 2000), (45750, 2000), (45752, 2000), (45754, 2000), (45757, 2000), (45758, 2000), (45759, 2000), (45762, 2000), (45763, 2000), (45764, 2000), (45765, 2000), (45767, 2000), (45769, 2000), (45770, 2000), (45772, 2000), (45775, 2000), (45895, 2004), (45953, 2004), (45908, 2005), (45926, 2006), (45892, 2010), (45856, 2014), (45798, 2016), (45830, 2019), (45879, 2021), (45858, 2024), (45980, 2025), (45930, 2028), (45955, 2029), (45910, 2033), (45933, 2035), (45989, 2035), (45809, 2040), (45847, 2042), (45804, 2043), (45884, 2043), (45960, 2048), (45854, 2050), (45855, 2053), (45821, 2056), (45844, 2058), (45959, 2060), (45929, 2061), (45943, 2061), (45781, 2062), (45843, 2063), (45864, 2065), (45903, 2065), (45911, 2066), (45850, 2068), (45927, 2075), (45957, 2075), (45996, 2077), (45786, 2079), (45937, 2079), (45951, 2081), (45814, 2082), (45891, 2084), (45803, 2086), (45968, 2089), (45919, 2091), (45942, 2094), (45793, 2098), (45813, 2101), (45983, 2105), (45882, 2109), (45940, 2109), (45992, 2109), (45825, 2116), (45872, 2120), (45801, 2124), (45984, 2125), (45986, 2125), (45945, 2127), (45991, 2127), (45788, 2129), (45917, 2133), (45860, 2137), (45952, 2137), (45905, 2140), (45815, 2144), (45849, 2153), (45970, 2157), (45962, 2160), (45869, 2161), (45797, 2162), (45977, 2162), (45979, 2162), (45870, 2163), (45863, 2164), (45859, 2171), (45993, 2171), (45948, 2173), (45826, 2174), (45841, 2176), (45899, 2176), (45894, 2178), (45921, 2187), (45971, 2191), (45920, 2194), (45987, 2196), (45935, 2199), (45956, 2201), (45883, 2202), (45950, 2202), (45807, 2203), (45783, 2206), (45787, 2215), (45873, 2219), (45876, 2222), (45941, 2226), (45835, 2227), (45880, 2228), (45995, 2228), (45852, 2237), (45998, 2237), (45851, 2238), (45900, 2243), (45881, 2249), (45810, 2254), (45874, 2254), (45853, 2256), (45913, 2256), (45978, 2256), (45866, 2258), (45928, 2258), (45811, 2260), (45820, 2260), (45791, 2262), (45812, 2265), (45893, 2265), (45846, 2266), (45981, 2270), (45914, 2274), (45838, 2277), (45832, 2281), (45907, 2284), (45816, 2286), (45805, 2291), (45990, 2291), (45827, 2292), (45878, 2292), (45939, 2292), (45936, 2295), (45922, 2297), (45924, 2299), (45909, 2301), (45961, 2301), (45958, 2316), (45818, 2317), (45823, 2317), (45780, 2320), (45828, 2321), (45886, 2321), (45931, 2328), (45800, 2330), (45782, 2332), (45865, 2334), (45829, 2335), (45822, 2337), (45901, 2337), (45819, 2338), (45925, 2338), (45982, 2340), (45923, 2341), (45938, 2344), (45902, 2346), (45969, 2346), (45965, 2348), (45789, 2349), (45857, 2350), (45862, 2350), (45994, 2352), (45947, 2355), (45975, 2356), (45932, 2366), (45915, 2368), (45918, 2371), (45944, 2372), (45867, 2374), (45802, 2375), (45861, 2375), (45985, 2376), (45839, 2378), (45842, 2380), (45808, 2385), (45966, 2385), (45871, 2394), (45887, 2397), (45974, 2398), (45845, 2406), (45963, 2409), (45837, 2410), (45875, 2412), (45784, 2413), (45916, 2414), (45898, 2417), (45794, 2420), (45896, 2421), (45833, 2423), (45949, 2426), (45964, 2426), (45890, 2430), (45792, 2431), (45817, 2433), (45999, 2433), (45790, 2435), (45946, 2437), (45834, 2442), (45889, 2442), (45831, 2445), (45885, 2446), (45954, 2449), (45988, 2450), (45824, 2451), (45912, 2453), (45840, 2454), (45972, 2455), (45868, 2456), (45997, 2460), (45799, 2462), (45806, 2465), (45888, 2465), (45795, 2467), (45796, 2468), (45973, 2468), (45848, 2469), (45785, 2477), (45906, 2477), (45967, 2481), (45877, 2483), (45976, 2485), (45836, 2487), (45904, 2488), (45934, 2488), (45897, 2491);
/*!40000 ALTER TABLE `user_group_membership` ENABLE KEYS */;
/*!40101 SET SQL_MODE=@OLD_SQL_MODE */;
/*!40014 SET FOREIGN_KEY_CHECKS=@OLD_FOREIGN_KEY_CHECKS */;
/*!40101 SET CHARACTER_SET_CLIENT=@OLD_CHARACTER_SET_CLIENT */;
